iteration,candidate_index,objective,phi_n,u_avg_n,ar_n,lt_1_n,a_0_n,phi,u_avg,ar,lt_1,a_0
144,0,-0.42750612759061046,0.5665925057071803,0.010276896477280778,0.9922757855128219,0.5214695135037279,0.34872957331432397,0.6399555034243083,0.5195261033068335,4.969875563500006,0.01021469513503728,1104.6188719942973
144,1,-0.4274162060818303,0.5665925057074224,0.010276896477280759,0.9915008761115427,0.5201186825554827,0.3487295733143403,0.6399555034244535,0.5195261033068335,4.966853416835017,0.010201186825554827,1104.618871994302
144,2,-0.42744227696654047,0.5665925057072871,0.010276896477280782,0.9920914137749604,0.5040045702578276,0.3487295733143535,0.6399555034243724,0.5195261033068335,4.9691565137223455,0.010040045702578276,1104.6188719943061
144,3,-0.4274708654801667,0.5665925057073283,0.010276896477280768,0.9919186535816522,0.5233389958393023,0.3487295733143429,0.6399555034243971,0.5195261033068335,4.9684827489684436,0.010233389958393024,1104.618871994303
144,4,-0.42712388636559767,0.5665925057071459,0.010276896477280782,0.9888216255976043,0.5231425716124332,0.348729573314293,0.6399555034242876,0.5195261033068335,4.956404339830657,0.01023142571612433,1104.618871994288
144,5,-0.26801597590846665,0.5668926969219235,0.5,1.0,0.015,1.0,0.6401356181531541,1.45,5.0,0.00515,1300.0
144,6,-0.427380319001475,0.5665925057074439,0.010276896477280787,0.9915066471394841,0.5053690878301803,0.34872957331433774,0.6399555034244664,0.5195261033068335,4.966875923843988,0.010053690878301803,1104.6188719943013
144,7,-0.4274617081735669,0.5665925057073494,0.010276896477280788,0.9922460689775814,0.5048754399608423,0.34872957331433707,0.6399555034244098,0.5195261033068335,4.969759669012568,0.010048754399608423,1104.6188719943011
144,8,-0.42750612759061046,0.5665925057071803,0.010276896477280778,0.9922757855128219,0.5214695135037279,0.34872957331432397,0.6399555034243083,0.5195261033068335,4.969875563500006,0.01021469513503728,1104.6188719942973
144,9,-0.4270868911648414,0.5665925057072896,0.01027689647728079,0.9889567138672924,0.5020957091220368,0.3487295733143495,0.6399555034243738,0.5195261033068335,4.956931184082441,0.010020957091220369,1104.6188719943048
144,10,-0.4273244568746064,0.5665925057072608,0.010276896477280788,0.9911549752767327,0.4986863191334836,0.3487295733143383,0.6399555034243565,0.5195261033068335,4.965504403579257,0.009986863191334835,1104.6188719943016
144,11,-0.42739132035144745,0.5665925057073579,0.010276896477280771,0.9913323309196379,0.5176771988334511,0.3487295733143386,0.6399555034244148,0.5195261033068335,4.966196090586587,0.010176771988334509,1104.6188719943016
144,12,-0.42746158402821804,0.566592505707203,0.010276896477280771,0.9918843035934547,0.5211410993694601,0.3487295733143178,0.6399555034243218,0.5195261033068335,4.9683487840144736,0.0102114109936946,1104.6188719942954
144,13,-0.4270500767748733,0.5665925057071834,0.010276896477280797,0.9888173118097436,0.49353754196486127,0.3487295733143309,0.6399555034243101,0.5195261033068335,4.956387516058,0.00993537541964861,1104.6188719942993
144,14,-0.4274894927795464,0.5665925057072763,0.01027689647728079,0.9922236230001817,0.5171054681839361,0.3487295733143428,0.6399555034243658,0.5195261033068335,4.969672129700709,0.010171054681839362,1104.618871994303
144,15,-0.4274184973041288,0.5665925057072905,0.010276896477280778,0.991769182337245,0.5089382559084933,0.34872957331432897,0.6399555034243744,0.5195261033068335,4.967899811115256,0.010089382559084932,1104.6188719942986
144,16,-0.4273157993468265,0.5665925057072796,0.010276896477280778,0.9908099907812444,0.5107652702061165,0.3487295733143384,0.6399555034243678,0.5195261033068335,4.964158964046853,0.010107652702061164,1104.6188719943016
144,17,-0.42743656739136215,0.5665925057073529,0.010276896477280816,0.9920232968480551,0.5047714910197838,0.34872957331433463,0.6399555034244118,0.5195261033068336,4.9688908577074145,0.010047714910197836,1104.6188719943004
144,18,-0.4274099296534867,0.5665925057072194,0.010276896477280814,0.9918734927061588,0.5007736264000532,0.34872957331432247,0.6399555034243317,0.5195261033068336,4.968306621554019,0.010007736264000531,1104.6188719942968
144,19,-0.42735368742094776,0.5665925057072841,0.010276896477280775,0.9915511068574527,0.49261061600691397,0.34872957331433735,0.6399555034243705,0.5195261033068335,4.967049316744065,0.009926106160069139,1104.6188719943011
144,20,-0.4275002441412695,0.5665925057074785,0.010276896477280776,0.9923067310857043,0.5176987366466743,0.3487295733143299,0.6399555034244871,0.5195261033068335,4.969996251234247,0.010176987366466743,1104.618871994299
144,21,-0.4274639523994093,0.5665925057073526,0.010276896477280775,0.9922420821854572,0.5059613088775434,0.34872957331434584,0.6399555034244117,0.5195261033068335,4.969744120523282,0.010059613088775433,1104.6188719943038
144,22,-0.22844718385231957,0.4450715991085787,0.5,1.0,0.015,1.0,0.5670429594651473,1.45,5.0,0.00515,1300.0
144,23,-0.2810419966522731,0.6142542382502709,0.5,1.0,0.015,1.0,0.6685525429501626,1.45,5.0,0.00515,1300.0
144,24,-0.32116236705202905,0.5824289594994753,0.29034886792878967,0.9933957958179636,0.38274669805502237,0.5409430448963359,0.6494573756996852,1.0516628490647002,4.9742436036900575,0.008827466980550223,1162.2829134689007
144,25,-0.4274374286777729,0.5665925057073382,0.010276896477280782,0.9923034671991914,0.4924845551338901,0.34872957331433674,0.639955503424403,0.5195261033068335,4.969983522076847,0.0099248455513389,1104.6188719943011
144,26,-0.42725328983744715,0.566592505707387,0.010276896477280778,0.9922881042159787,0.41883237713302374,0.34872957331434473,0.6399555034244322,0.5195261033068335,4.9699236064423165,0.009188323771330238,1104.6188719943034
144,27,-0.42728344059179263,0.5665925057072414,0.010276896477280788,0.990274255203065,0.5218962329017063,0.3487295733143543,0.6399555034243449,0.5195261033068335,4.962069595291954,0.010218962329017062,1104.6188719943063
144,28,-0.2839664295758149,0.6256503572744616,0.5,1.0,0.015,1.0,0.675390214364677,1.45,5.0,0.00515,1300.0
144,29,-0.4274597060444165,0.5665925057073424,0.010276896477280775,0.9918905068706446,0.5201030590211135,0.34872957331433746,0.6399555034244055,0.5195261033068335,4.968372976795514,0.010201030590211135,1104.6188719943013
144,30,-0.4272832863293881,0.5665925057073773,0.010276896477280775,0.9906122789289611,0.5065662883677038,0.3487295733143543,0.6399555034244264,0.5195261033068335,4.9633878878229485,0.010065662883677037,1104.6188719943063
144,31,-0.4274674825321313,0.5665925057072841,0.010276896477280768,0.9921299173907598,0.5124447020628445,0.34872957331433735,0.6399555034243705,0.5195261033068335,4.969306677823964,0.010124447020628445,1104.6188719943011
144,32,-0.4273675917462152,0.5665925057074785,0.010276896477280785,0.9920393174700853,0.4762004444090173,0.3487295733143536,0.6399555034244871,0.5195261033068335,4.968953338133333,0.009762004444090172,1104.6188719943061
144,33,-0.4273305740626911,0.566592505707442,0.010276896477280839,0.9910725790099199,0.5048754399608423,0.34872957331433674,0.6399555034244653,0.5195261033068336,4.965183058138687,0.010048754399608423,1104.6188719943011
144,34,-0.42728546962408,0.5665925057071866,0.010276896477280778,0.990478585358865,0.5134858098553507,0.3487295733143421,0.639955503424312,0.5195261033068335,4.962866482899574,0.010134858098553506,1104.6188719943027
144,35,-0.4274692597763664,0.5665925057073417,0.010276896477280782,0.9922757855128219,0.5065843632276448,0.3487295733143388,0.6399555034244051,0.5195261033068335,4.969875563500006,0.010065843632276448,1104.6188719943016
144,36,-0.42746898184042953,0.5665925057072227,0.01027689647728078,0.9922757855128219,0.5064721483249616,0.34872957331433707,0.6399555034243337,0.5195261033068335,4.969875563500006,0.010064721483249616,1104.6188719943011
144,37,-0.4274639949840405,0.5665925057072194,0.010276896477280821,0.9918634853115011,0.5230535859381301,0.3487295733143363,0.6399555034243317,0.5195261033068336,4.968267592714854,0.010230535859381301,1104.618871994301
144,38,-0.4271005116354898,0.5665925057073766,0.010276896477280799,0.9886003690581366,0.5237146277650174,0.348729573314342,0.639955503424426,0.5195261033068335,4.955541439326733,0.010237146277650173,1104.6188719943027
144,39,-0.42724318131426603,0.566592505707237,0.010276896477280771,0.9899068250260266,0.5222430364584636,0.3487295733143435,0.6399555034243423,0.5195261033068335,4.960636617601503,0.010222430364584634,1104.618871994303
144,40,-0.42745255339056465,0.5665925057072987,0.01027689647728077,0.9919186535816522,0.5159456037658423,0.34872957331434407,0.6399555034243792,0.5195261033068335,4.9684827489684436,0.010159456037658422,1104.6188719943032
144,41,-0.42728273941416667,0.5665925057073702,0.010276896477280775,0.9909223001154079,0.4923467677885866,0.3487295733143484,0.6399555034244222,0.5195261033068335,4.964596970450091,0.009923467677885866,1104.6188719943045
144,42,-0.4274852876018387,0.566592505707191,0.010276896477280785,0.9922019089196973,0.5163868365796426,0.34872957331434556,0.6399555034243146,0.5195261033068335,4.96958744478682,0.010163868365796424,1104.6188719943036
144,43,-0.4273947408049697,0.5665925057072841,0.010276896477280768,0.9914788814492352,0.5124447020628445,0.34872957331433735,0.6399555034243705,0.5195261033068335,4.966767637652017,0.010124447020628445,1104.6188719943011
144,44,-0.42742283433457245,0.5665925057074276,0.010276896477280768,0.9919376672011139,0.5030890898071916,0.3487295733143426,0.6399555034244566,0.5195261033068335,4.9685569020843445,0.010030890898071916,1104.6188719943027
144,45,-0.4272834898091291,0.5665925057074712,0.010276896477280759,0.9912867053809775,0.4762004444090173,0.3487295733143444,0.6399555034244828,0.5195261033068335,4.966018150985812,0.009762004444090172,1104.6188719943034
144,46,-0.42735013365614005,0.5665925057074276,0.010276896477280768,0.9912871129042493,0.5030890898071916,0.3487295733143426,0.6399555034244566,0.5195261033068335,4.966019740326573,0.010030890898071916,1104.6188719943027
144,47,-0.4273283321621669,0.566592505707255,0.010276896477280792,0.990785651786108,0.5169242893880227,0.34872957331431786,0.639955503424353,0.5195261033068335,4.9640640419658215,0.010169242893880225,1104.6188719942954
144,48,-0.4274617081735669,0.5665925057073494,0.010276896477280788,0.9922460689775814,0.5048754399608423,0.34872957331433707,0.6399555034244098,0.5195261033068335,4.969759669012568,0.010048754399608423,1104.6188719943011
144,49,-0.3080722189045012,0.7366746141032758,0.5,1.0,0.015,1.0,0.7420047684619655,1.45,5.0,0.00515,1300.0
144,50,-0.42750190201594107,0.5665925057073494,0.010276896477280787,0.9922389454271539,0.5214246766248833,0.34872957331433696,0.6399555034244098,0.5195261033068335,4.9697318871659,0.010214246766248831,1104.6188719943011
144,51,-0.2993969142019954,0.692287286697389,0.5,1.0,0.015,1.0,0.7153723720184335,1.45,5.0,0.00515,1300.0
144,52,-0.42717117158198353,0.5665925057070934,0.010276896477280799,0.989447514333726,0.5139299960806634,0.34872957331434024,0.6399555034242561,0.5195261033068335,4.958845305901532,0.010139299960806633,1104.618871994302
144,53,-0.28277456999804373,0.620966958461825,0.5,1.0,0.015,1.0,0.672580175077095,1.45,5.0,0.00515,1300.0
144,54,-0.2623399215616173,0.5476813510484617,0.5,1.0,0.015,1.0,0.628608810629077,1.45,5.0,0.00515,1300.0
144,55,-0.2599402767948728,0.539776441051091,0.5,1.0,0.015,1.0,0.6238658646306546,1.45,5.0,0.00515,1300.0
144,56,-0.42741394697910523,0.5665925057074712,0.01027689647728077,0.9921593126768116,0.48950441171967174,0.34872957331433385,0.6399555034244828,0.5195261033068335,4.969421319439565,0.009895044117196716,1104.6188719943002
144,57,-0.42731330306663556,0.5665925057073494,0.010276896477280773,0.9907660227123231,0.5117427106258905,0.3487295733143428,0.6399555034244098,0.5195261033068335,4.963987488578059,0.010117427106258904,1104.618871994303
144,58,-0.22813340613476318,0.4441948795217898,0.5,1.0,0.015,1.0,0.5665169277130739,1.45,5.0,0.00515,1300.0
144,59,-0.4274936586554097,0.5665925057073771,0.010276896477280773,0.9921630540244912,0.5215187826817446,0.3487295733143399,0.6399555034244263,0.5195261033068335,4.969435910695516,0.010215187826817445,1104.618871994302
144,60,-0.4273897316223285,0.5665925057073568,0.010276896477280775,0.9912330011870748,0.5215187826817446,0.34872957331433224,0.6399555034244141,0.5195261033068335,4.965808704629591,0.010215187826817445,1104.6188719942998
144,61,-0.4274273370436963,0.5665925057072841,0.010276896477280775,0.9916271442232293,0.518915379328957,0.3487295733143345,0.6399555034243705,0.5195261033068335,4.967345862470594,0.010189153793289569,1104.6188719943004
144,62,-0.4274949339559819,0.5665925057071803,0.010276896477280778,0.9921997481470454,0.5203789316944691,0.34872957331432675,0.6399555034243083,0.5195261033068335,4.969579017773476,0.01020378931694469,1104.618871994298
144,63,-0.42742464844325917,0.5665925057073371,0.010276896477280778,0.991867573576493,0.5069832490022258,0.34872957331433707,0.6399555034244023,0.5195261033068335,4.968283536948323,0.010069832490022256,1104.6188719943011
144,64,-0.42740200333663914,0.5665925057074248,0.010276896477280775,0.9918897690000085,0.496839233930468,0.348729573314301,0.639955503424455,0.5195261033068335,4.968370099100033,0.00996839233930468,1104.6188719942902
144,65,-0.42732325413258115,0.5665925057072788,0.01027689647728079,0.9907329184908202,0.5172552049839919,0.34872957331434373,0.6399555034243674,0.5195261033068335,4.963858382114199,0.010172552049839918,1104.6188719943032
144,66,-0.42700507529124787,0.5665925057072668,0.010276896477280787,0.9886938947900319,0.48095152617642534,0.34872957331431853,0.6399555034243601,0.5195261033068335,4.955906189681125,0.009809515261764254,1104.6188719942957
144,67,-0.42744389689409595,0.5665925057074785,0.010276896477280778,0.9922848403294657,0.4959359615490747,0.3487295733143316,0.6399555034244871,0.5195261033068335,4.969910877284916,0.009959359615490746,1104.6188719942995
144,68,-0.42746037573737994,0.5665925057073512,0.010276896477280783,0.9922757855128219,0.5029974878437035,0.3487295733143388,0.6399555034244108,0.5195261033068335,4.969875563500006,0.010029974878437034,1104.6188719943016
144,69,-0.42745829907948846,0.5665925057072172,0.010276896477280778,0.9921563203816661,0.5075462383217064,0.34872957331432786,0.6399555034243304,0.5195261033068335,4.969409649488497,0.010075462383217063,1104.6188719942984
144,70,-0.42728325590379596,0.5665925057073342,0.010276896477280788,0.9905781684645407,0.5080944718452524,0.3487295733143342,0.6399555034244006,0.5195261033068335,4.963254857011709,0.010080944718452523,1104.6188719943002
144,71,-0.4273259589430022,0.5665925057072909,0.010276896477280782,0.9906140606326075,0.5237146277649749,0.3487295733143386,0.6399555034243746,0.5195261033068335,4.963394836467169,0.01023714627764975,1104.6188719943016
144,72,-0.4273296772400527,0.5665925057073126,0.010276896477280782,0.9913113658730426,0.4937353528575807,0.34872957331430965,0.6399555034243876,0.5195261033068335,4.966114326904866,0.009937353528575806,1104.618871994293
144,73,-0.4273863986373559,0.5665925057073197,0.010276896477280771,0.9913041130497435,0.5169635958889811,0.34872957331431387,0.6399555034243918,0.5195261033068335,4.966086040894,0.010169635958889811,1104.618871994294
144,74,-0.4274756526537466,0.5665925057073022,0.010276896477280788,0.992224354897097,0.5114845995419235,0.34872957331433935,0.6399555034243813,0.5195261033068335,4.9696749840986785,0.010114845995419234,1104.6188719943018
144,75,-0.4274157095163735,0.5665925057074171,0.010276896477280771,0.9917109092841866,0.5104416265690832,0.3487295733143394,0.6399555034244504,0.5195261033068335,4.967672546208328,0.010104416265690832,1104.6188719943018
144,76,-0.4273219581684442,0.5665925057071571,0.010276896477280764,0.9907921131899107,0.5140590764641877,0.3487295733143395,0.6399555034242943,0.5195261033068335,4.964089241440652,0.010140590764641876,1104.6188719943018
144,77,-0.4274894927795464,0.5665925057072763,0.010276896477280785,0.9922236230001817,0.5171054681839361,0.3487295733143428,0.6399555034243658,0.5195261033068335,4.969672129700709,0.010171054681839362,1104.618871994303
144,78,-0.4273538860102019,0.5665925057073954,0.01027689647728078,0.9910651185879253,0.5146242687006392,0.3487295733143194,0.6399555034244373,0.5195261033068335,4.965153962492909,0.01014624268700639,1104.618871994296
144,79,-0.42747937509418177,0.5665925057073486,0.010276896477280813,0.9920078432560453,0.5227518298973773,0.3487295733143243,0.6399555034244092,0.5195261033068336,4.968830588698577,0.010227518298973773,1104.6188719942973
144,80,-0.4274906075897958,0.5665925057073409,0.010276896477280795,0.9921017110330372,0.5230533605818143,0.3487295733143335,0.6399555034244045,0.5195261033068335,4.969196673028845,0.010230533605818142,1104.6188719943
144,81,-0.4274548814364005,0.5665925057072876,0.010276896477280776,0.9918590046046467,0.5195761674598756,0.3487295733143347,0.6399555034243726,0.5195261033068335,4.968250117958123,0.010195761674598755,1104.6188719943004
144,82,-0.42736789625440125,0.5665925057072678,0.01027689647728079,0.9911113473649641,0.5181940147609245,0.34872957331432053,0.6399555034243607,0.5195261033068335,4.96533425472336,0.010181940147609245,1104.6188719942961
144,83,-0.24143603974430133,0.48237836485970664,0.5,1.0,0.015,1.0,0.5894270189158239,1.45,5.0,0.00515,1300.0
144,84,-0.42739728262979887,0.5665925057072737,0.01027689647728078,0.9917076337132398,0.5031496637552058,0.34872957331434096,0.6399555034243642,0.5195261033068335,4.967659771481635,0.010031496637552057,1104.6188719943023
144,85,-0.4274607882966938,0.5665925057073371,0.010276896477280778,0.9921910905624112,0.5069832490022258,0.3487295733143365,0.6399555034244023,0.5195261033068335,4.969545253193404,0.010069832490022256,1104.618871994301
144,86,-0.4274699905359708,0.5665925057071803,0.010276896477280785,0.9919522685269038,0.5214695135037279,0.34872957331433296,0.6399555034243083,0.5195261033068335,4.968613847254925,0.01021469513503728,1104.6188719943
144,87,-0.4274161383699194,0.5665925057072841,0.010276896477280775,0.9915511068574527,0.5178247975196981,0.34872957331433735,0.6399555034243705,0.5195261033068335,4.967049316744065,0.01017824797519698,1104.6188719943011
144,88,-0.42743779319229797,0.5665925057074785,0.010276896477280776,0.9923067310857043,0.4924845551338901,0.3487295733143299,0.6399555034244871,0.5195261033068335,4.969996251234247,0.0099248455513389,1104.618871994299
144,89,-0.42740250818524744,0.5665925057074785,0.010276896477280782,0.9917620744522107,0.5028034054455407,0.34872957331433974,0.6399555034244871,0.5195261033068335,4.967872090363622,0.010028034054455407,1104.618871994302
144,90,-0.4272662736506661,0.5665925057071519,0.010276896477280782,0.9906695398057737,0.497111666728449,0.3487295733143525,0.6399555034242912,0.5195261033068335,4.963611205242517,0.00997111666728449,1104.6188719943057
144,91,-0.42748949277954656,0.5665925057071999,0.010276896477280785,0.9922236230001817,0.5171054681839361,0.3487295733143428,0.63995550342432,0.5195261033068335,4.969672129700709,0.010171054681839362,1104.618871994303
144,92,-0.4274852876018387,0.5665925057072674,0.010276896477280785,0.9922019089196973,0.5163868365796426,0.34872957331434556,0.6399555034243605,0.5195261033068335,4.96958744478682,0.010163868365796424,1104.6188719943036
144,93,-0.4274569005337032,0.566592505707264,0.010276896477280788,0.9920564724888885,0.5114845995419235,0.34872957331433585,0.6399555034243585,0.5195261033068335,4.969020242706665,0.010114845995419234,1104.6188719943007
144,94,-0.4273992186453078,0.5665925057073494,0.010276896477280775,0.9913178686421932,0.5215187826817446,0.3487295733143333,0.6399555034244098,0.5195261033068335,4.966139687704553,0.010215187826817445,1104.6188719943
144,95,-0.42736879769026387,0.566592505707442,0.010276896477280799,0.991414503692345,0.5048754399608423,0.34872957331433674,0.6399555034244653,0.5195261033068335,4.966516564400145,0.010048754399608423,1104.6188719943011
144,96,-0.42750612759061046,0.5665925057071803,0.01027689647728082,0.9922757855128219,0.5214695135037279,0.34872957331432397,0.6399555034243083,0.5195261033068336,4.969875563500006,0.01021469513503728,1104.6188719942973
144,97,-0.42746244761614877,0.5665925057073494,0.010276896477280773,0.9922460689775814,0.5051739852957845,0.34872957331433707,0.6399555034244098,0.5195261033068335,4.969759669012568,0.010051739852957844,1104.6188719943011
144,98,-0.4271917092384153,0.5665925057072084,0.010276896477280787,0.9898165776847204,0.5055399178498557,0.34872957331433063,0.6399555034243252,0.5195261033068335,4.96028465297041,0.010055399178498556,1104.6188719942993
144,99,-0.4274659484848437,0.5665925057072855,0.010276896477280775,0.9919299135874082,0.5208458928327774,0.34872957331433735,0.6399555034243714,0.5195261033068335,4.968526662990892,0.010208458928327772,1104.6188719943011
144,100,-0.4274446095337061,0.5665925057072991,0.010276896477280775,0.9918058934535472,0.5178247975196981,0.34872957331433735,0.6399555034243796,0.5195261033068335,4.968042984468834,0.01017824797519698,1104.6188719943011
144,101,-0.42740626940755433,0.5665925057073808,0.010276896477280773,0.9917916374039449,0.5029883214296604,0.34872957331433824,0.6399555034244285,0.5195261033068335,4.967987385875386,0.010029883214296605,1104.6188719943016
144,102,-0.42740066774273555,0.5665925057073494,0.010276896477280778,0.9913808036942593,0.5192635884322366,0.34872957331433707,0.6399555034244098,0.5195261033068335,4.966385134407611,0.010192635884322366,1104.6188719943011
144,103,-0.4274578994454686,0.5665925057072194,0.010276896477280821,0.9918634853115011,0.520592550221287,0.34872957331433657,0.6399555034243317,0.5195261033068336,4.968267592714854,0.01020592550221287,1104.618871994301
144,104,-0.4274705599841982,0.566592505707336,0.010276896477280788,0.9922707477614146,0.5073364756776855,0.348729573314338,0.6399555034244017,0.5195261033068335,4.969855916269516,0.010073364756776854,1104.6188719943013
144,105,-0.42725583036059633,0.5665925057073419,0.010276896477280787,0.9909516050808177,0.4801593731486769,0.34872957331433846,0.6399555034244051,0.5195261033068335,4.964711259815189,0.009801593731486768,1104.6188719943016
144,106,-0.427370632542663,0.5665925057072383,0.010276896477280811,0.9910779819509121,0.5208049058191885,0.34872957331432997,0.639955503424343,0.5195261033068336,4.965204129608557,0.010208049058191884,1104.618871994299
144,107,-0.4274650270837574,0.566592505707322,0.010276896477280771,0.9922757855128219,0.5048754399608423,0.34872957331433707,0.6399555034243932,0.5195261033068335,4.969875563500006,0.010048754399608423,1104.6188719943011
144,108,-0.4274674825321313,0.566592505707357,0.010276896477280788,0.9921299173907598,0.5124447020628445,0.34872957331433735,0.6399555034244142,0.5195261033068335,4.969306677823964,0.010124447020628445,1104.6188719943011
144,109,-0.4274502057126757,0.5665925057073777,0.010276896477280773,0.9920530570656245,0.5089356458673349,0.34872957331433824,0.6399555034244266,0.5195261033068335,4.969006922555936,0.010089356458673348,1104.6188719943016
144,110,-0.42748318817509506,0.5665925057073525,0.010276896477280775,0.9922460689775814,0.5135478567350493,0.3487295733143428,0.6399555034244115,0.5195261033068335,4.969759669012568,0.010135478567350493,1104.618871994303
144,111,-0.4273731293855085,0.5665925057071877,0.010276896477280788,0.9910836492130924,0.5215571642274375,0.3487295733143082,0.6399555034243126,0.5195261033068335,4.9652262319310605,0.010215571642274374,1104.6188719942925
144,112,-0.42733498095268607,0.5665925057073444,0.010276896477280788,0.9910098978056838,0.5094842940326443,0.3487295733143042,0.6399555034244067,0.5195261033068335,4.964938601442167,0.010094842940326441,1104.6188719942913
144,113,-0.42750612759061024,0.566592505707317,0.010276896477280785,0.9922757855128219,0.5214695135037279,0.3487295733143402,0.6399555034243902,0.5195261033068335,4.969875563500006,0.01021469513503728,1104.618871994302
144,114,-0.42750293071122697,0.5665925057072128,0.010276896477280775,0.9922460689775814,0.5215187826817446,0.348729573314335,0.6399555034243277,0.5195261033068335,4.969759669012568,0.010215187826817445,1104.6188719943004
144,115,-0.4274161383699194,0.5665925057072841,0.010276896477280775,0.9915511068574527,0.5178247975196981,0.34872957331433735,0.6399555034243705,0.5195261033068335,4.967049316744065,0.01017824797519698,1104.6188719943011
144,116,-0.4273544640812881,0.5665925057073344,0.010276896477280785,0.9915331297177512,0.4937353528575807,0.34872957331430965,0.6399555034244007,0.5195261033068335,4.96697920589923,0.009937353528575806,1104.618871994293
144,117,-0.42746992872825895,0.5665925057073808,0.010276896477280773,0.9920530570656245,0.5168986905140938,0.3487295733143393,0.6399555034244285,0.5195261033068335,4.969006922555936,0.010168986905140936,1104.6188719943018
144,118,-0.4274634651595119,0.5665925057073494,0.010276896477280775,0.9922460689775814,0.5055848120882904,0.3487295733143418,0.6399555034244098,0.5195261033068335,4.969759669012568,0.010055848120882904,1104.6188719943025
144,119,-0.42732267716057015,0.5665925057072724,0.010276896477280768,0.9907812444710536,0.5148401228362298,0.34872957331434834,0.6399555034243635,0.5195261033068335,4.964046853437109,0.010148401228362297,1104.6188719943045
144,120,-0.427336274974521,0.5665925057073395,0.010276896477280788,0.9909427056014269,0.5130401660118626,0.34872957331431464,0.6399555034244038,0.5195261033068335,4.9646765518455656,0.010130401660118625,1104.6188719942943
144,121,-0.4273837902079233,0.5665925057073948,0.010276896477280787,0.9915486465943281,0.5048754399608423,0.34872957331433707,0.639955503424437,0.5195261033068335,4.96703972171788,0.010048754399608423,1104.6188719943011
144,122,-0.24427564302939317,0.4908273810658106,0.5,1.0,0.015,1.0,0.5944964286394864,1.45,5.0,0.00515,1300.0
144,123,-0.4273684924240229,0.5665925057073365,0.010276896477280775,0.991108906256682,0.5185449058385468,0.3487295733143432,0.639955503424402,0.5195261033068335,4.96532473440106,0.010185449058385468,1104.618871994303
144,124,-0.42723425097851786,0.5665925057072202,0.010276896477280776,0.9899173028019242,0.5181639846402659,0.3487295733143386,0.6399555034243322,0.5195261033068335,4.9606774809275045,0.010181639846402659,1104.6188719943016
144,125,-0.42749018372639375,0.5665925057073702,0.010276896477280778,0.9920936182433734,0.5232472060032852,0.34872957331433224,0.6399555034244222,0.5195261033068335,4.969165111149156,0.010232472060032851,1104.6188719942998
144,126,-0.2489700581892365,0.5050589318744457,0.5,1.0,0.015,1.0,0.6030353591246675,1.45,5.0,0.00515,1300.0
144,127,-0.4274368699151029,0.5665925057073371,0.010276896477280778,0.9919769671211958,0.5069832490022258,0.3487295733143473,0.6399555034244023,0.5195261033068335,4.968710171772663,0.010069832490022256,1104.6188719943043
144,128,-0.42739609985568117,0.566592505707472,0.010276896477280771,0.9919299239253826,0.49264447773317743,0.3487295733143434,0.6399555034244833,0.5195261033068335,4.968526703308992,0.009926444777331775,1104.618871994303
144,129,-0.4274812960183072,0.566592505707191,0.010276896477280785,0.9921661719796993,0.5163868365796426,0.34872957331434556,0.6399555034243146,0.5195261033068335,4.969448070720827,0.010163868365796424,1104.6188719943036
144,130,-0.42733456964096683,0.566592505707442,0.010276896477280839,0.991108315949918,0.5048754399608423,0.34872957331433674,0.6399555034244653,0.5195261033068336,4.96532243220468,0.010048754399608423,1104.6188719943011
144,131,-0.4274694486009563,0.5665925057073283,0.010276896477280768,0.9919186535816522,0.5227669396867506,0.3487295733143429,0.6399555034243971,0.5195261033068335,4.9684827489684436,0.010227669396867506,1104.618871994303
144,132,-0.42750293071122697,0.5665925057073494,0.010276896477280775,0.9922460689775814,0.5215187826817446,0.3487295733143428,0.6399555034244098,0.5195261033068335,4.969759669012568,0.010215187826817445,1104.618871994303
144,133,-0.42722775213479613,0.5665925057073258,0.010276896477280788,0.9900411292206472,0.5099448195030993,0.34872957331432397,0.6399555034243956,0.5195261033068335,4.961160403960524,0.010099448195030992,1104.6188719942973
144,134,-0.4274265493310463,0.5665925057072451,0.010276896477280775,0.9918339722196999,0.5092664541399986,0.34872957331432697,0.6399555034243471,0.5195261033068335,4.96815249165683,0.010092664541399985,1104.6188719942982
144,135,-0.2571698270552134,0.5307972622202068,0.5,1.0,0.015,1.0,0.6184783573321242,1.45,5.0,0.00515,1300.0
144,136,-0.42749623335393777,0.5665925057072938,0.010276896477280776,0.9921374131166452,0.5237146277649779,0.348729573314327,0.6399555034243763,0.5195261033068335,4.969335911154916,0.010237146277649777,1104.6188719942982
144,137,-0.42743528652402907,0.5665925057074642,0.010276896477280771,0.991987401326559,0.5058733416292549,0.3487295733143575,0.6399555034244786,0.5195261033068335,4.968750865173581,0.01005873341629255,1104.6188719943073
144,138,-0.4274399236871551,0.5665925057072194,0.010276896477280814,0.9920420273302863,0.5052817962016276,0.3487295733143363,0.6399555034243317,0.5195261033068336,4.968963906588117,0.010052817962016274,1104.618871994301
144,139,-0.2863714867595532,0.6352733979238585,0.5,1.0,0.015,1.0,0.6811640387543152,1.45,5.0,0.00515,1300.0
144,140,-0.4274330108006618,0.566592505707371,0.010276896477280773,0.99158510606742,0.5231028593189362,0.34872957331433263,0.6399555034244226,0.5195261033068335,4.967181913662937,0.010231028593189362,1104.6188719942998
144,141,-0.42746747190914985,0.5665925057073797,0.010276896477280776,0.9922976762690605,0.5048754399608423,0.3487295733143354,0.6399555034244279,0.5195261033068335,4.969960937449336,0.010048754399608423,1104.6188719943007
144,142,-0.4274083206306923,0.5665925057073055,0.010276896477280771,0.9920393174700853,0.49264447773317743,0.3487295733143536,0.6399555034243833,0.5195261033068335,4.968953338133333,0.009926444777331775,1104.6188719943061
144,143,-0.4274632111712103,0.5665925057072881,0.010276896477280782,0.9922354455829914,0.5059613088775434,0.3487295733143457,0.6399555034243729,0.5195261033068335,4.969718237773666,0.010059613088775433,1104.6188719943036
144,144,-0.42749023401575803,0.5665925057073802,0.01027689647728077,0.9922302596026475,0.5171054681839361,0.34872957331434296,0.6399555034244282,0.5195261033068335,4.969698012450325,0.010171054681839362,1104.618871994303
144,145,-0.4273010199114066,0.5665925057071994,0.010276896477280776,0.9903922967878989,0.5236616021172741,0.3487295733143386,0.6399555034243197,0.5195261033068335,4.962529957472805,0.010236616021172741,1104.6188719943016
144,146,-0.42746412631894076,0.5665925057072926,0.010276896477280821,0.9918634853115011,0.5231066115858284,0.3487295733143363,0.6399555034243756,0.5195261033068336,4.968267592714854,0.010231066115858284,1104.618871994301
144,147,-0.4274220193275459,0.5665925057072871,0.010276896477280782,0.9914815642003045,0.5233371775450117,0.3487295733143535,0.6399555034243724,0.5195261033068335,4.9667781003811875,0.010233371775450117,1104.6188719943061
144,148,-0.42746502708375733,0.5665925057073948,0.010276896477280792,0.9922757855128219,0.5048754399608423,0.34872957331433707,0.639955503424437,0.5195261033068335,4.969875563500006,0.010048754399608423,1104.6188719943011
144,149,-0.4274083206306921,0.566592505707472,0.010276896477280771,0.9920393174700853,0.49264447773317743,0.3487295733143536,0.6399555034244833,0.5195261033068335,4.968953338133333,0.009926444777331775,1104.6188719943061
144,150,-0.4274304631765438,0.5665925057073808,0.010276896477280773,0.9920530570656245,0.5009647199206396,0.34872957331433824,0.6399555034244285,0.5195261033068335,4.969006922555936,0.010009647199206394,1104.6188719943016
144,151,-0.42741651994388696,0.5665925057073268,0.010276896477280775,0.9917307065725736,0.5098756837350606,0.34872957331435445,0.6399555034243961,0.5195261033068335,4.967749755633037,0.010098756837350606,1104.6188719943063
144,152,-0.4274006325260615,0.566592505707403,0.010276896477280775,0.9919165776072533,0.4950765182624367,0.3487295733143033,0.6399555034244419,0.5195261033068335,4.968474652668288,0.009950765182624367,1104.618871994291
144,153,-0.42749587900284264,0.566592505707357,0.010276896477280778,0.9922285435459197,0.519461979858316,0.3487295733143428,0.6399555034244142,0.5195261033068335,4.969691319829087,0.01019461979858316,1104.618871994303
144,154,-0.427496544496737,0.5665925057073037,0.010276896477280778,0.9922411484318434,0.5191622710073647,0.3487295733143428,0.6399555034243822,0.5195261033068335,4.969740478884189,0.010191622710073647,1104.618871994303
144,155,-0.42747565265374665,0.566592505707264,0.010276896477280788,0.992224354897097,0.5114845995419235,0.34872957331433985,0.6399555034243585,0.5195261033068335,4.9696749840986785,0.010114845995419234,1104.618871994302
144,156,-0.4274644644456263,0.566592505707336,0.010276896477280788,0.9922707477614146,0.5048754399608423,0.3487295733143383,0.6399555034244017,0.5195261033068335,4.969855916269516,0.010048754399608423,1104.6188719943016
144,157,-0.2408835003995791,0.48074755608921793,0.5,1.0,0.015,1.0,0.5884485336535308,1.45,5.0,0.00515,1300.0
144,158,-0.4274896740948601,0.5665925057073065,0.010276896477280773,0.9922460689775814,0.5161665064261487,0.3487295733143321,0.6399555034243839,0.5195261033068335,4.969759669012568,0.010161665064261485,1104.6188719942995
144,159,-0.42738729715749085,0.5665925057072468,0.010276896477280785,0.9914696802614564,0.5098545778313778,0.34872957331433985,0.6399555034243481,0.5195261033068335,4.96673175301968,0.010098545778313777,1104.618871994302
144,160,-0.4273444199842098,0.5665925057072554,0.010276896477280788,0.9911639246053616,0.5063423469553602,0.3487295733142989,0.6399555034243533,0.5195261033068335,4.9655393059609105,0.010063423469553601,1104.6188719942897
144,161,-0.4274617081735669,0.5665925057073494,0.010276896477280788,0.9922460689775814,0.5048754399608423,0.34872957331432514,0.6399555034244098,0.5195261033068335,4.969759669012568,0.010048754399608423,1104.6188719942975
144,162,-0.4274909201943589,0.566592505707415,0.010276896477280775,0.9921699301374685,0.5201030590211135,0.34872957331435295,0.6399555034244491,0.5195261033068335,4.969462727536127,0.010201030590211135,1104.618871994306
144,163,-0.4272955992922447,0.5665925057072032,0.010276896477280771,0.9907384831115362,0.5058384631847981,0.34872957331433624,0.639955503424322,0.5195261033068335,4.963880084134992,0.01005838463184798,1104.618871994301
144,164,-0.42738227503092635,0.5665925057071962,0.010276896477280785,0.9912800034928815,0.5163868365796426,0.34872957331433996,0.6399555034243178,0.5195261033068335,4.9659920136222375,0.010163868365796424,1104.618871994302
144,165,-0.4274445800905016,0.5665925057073218,0.010276896477280787,0.9922887558507794,0.4960352418407647,0.34872957331433563,0.6399555034243931,0.5195261033068335,4.96992614781804,0.009960352418407648,1104.6188719943007
144,166,-0.4274582402093601,0.5665925057074775,0.010276896477280778,0.9922937607477468,0.5013247532539677,0.3487295733143326,0.6399555034244866,0.5195261033068335,4.969945666916212,0.010013247532539677,1104.6188719942998
144,167,-0.29133679453646794,0.6559436000820726,0.5,1.0,0.015,1.0,0.6935661600492437,1.45,5.0,0.00515,1300.0
144,168,-0.4275061275906103,0.566592505707216,0.010276896477280778,0.9922757855128219,0.5214695135037279,0.34872957331432397,0.6399555034243296,0.5195261033068335,4.969875563500006,0.01021469513503728,1104.6188719942973
144,169,-0.4274694486009563,0.5665925057073283,0.010276896477280768,0.9919186535816522,0.5227669396867506,0.3487295733143429,0.6399555034243971,0.5195261033068335,4.9684827489684436,0.010227669396867506,1104.618871994303
144,170,-0.4274639523994093,0.5665925057073922,0.010276896477280766,0.9922420821854572,0.5059613088775434,0.34872957331434584,0.6399555034244353,0.5195261033068335,4.969744120523282,0.010059613088775433,1104.6188719943038
144,171,-0.42740731519710173,0.5665925057071659,0.010276896477280766,0.991453514738292,0.5186662115782299,0.34872957331434784,0.6399555034242996,0.5195261033068335,4.966668707479339,0.0101866621157823,1104.6188719943043
144,172,-0.42744498632747707,0.5665925057072132,0.010276896477280778,0.9920579513041486,0.5066076172937184,0.34872957331433707,0.6399555034243279,0.5195261033068335,4.96902601008618,0.010066076172937182,1104.6188719943011
144,173,-0.4273998999883819,0.5665925057074062,0.01027689647728082,0.9915049446611047,0.5133516111206635,0.34872957331433035,0.6399555034244437,0.5195261033068336,4.966869284178308,0.010133516111206635,1104.618871994299
144,174,-0.42738644240975227,0.5665925057074785,0.010276896477280795,0.9920393174700853,0.48381128235283777,0.3487295733143536,0.6399555034244871,0.5195261033068335,4.968953338133333,0.009838112823528377,1104.6188719943061
144,175,-0.4274206006021881,0.5665925057074777,0.010276896477280768,0.9921356120412802,0.49325959953156157,0.3487295733143535,0.6399555034244866,0.5195261033068335,4.969328886960993,0.009932595995315615,1104.6188719943061
144,176,-0.4274713296158635,0.5665925057074729,0.010276896477280771,0.9920692139077465,0.5167356065805382,0.34872957331434334,0.6399555034244837,0.5195261033068335,4.969069934240212,0.010167356065805381,1104.618871994303
144,177,-0.42743440446185443,0.5665925057073538,0.010276896477280787,0.9922483765274499,0.49374768226742244,0.34872957331432897,0.6399555034244123,0.5195261033068335,4.969768668457055,0.009937476822674225,1104.6188719942986
144,178,-0.42748179602745334,0.5665925057074785,0.010276896477280776,0.9922846431357207,0.5112463922327726,0.3487295733143292,0.6399555034244871,0.5195261033068335,4.9699101082293105,0.010112463922327725,1104.6188719942988
144,179,-0.42720345597845794,0.5665925057071922,0.010276896477280818,0.9895194054564675,0.5237146277650042,0.34872957331431936,0.6399555034243154,0.5195261033068336,4.959125681280224,0.010237146277650041,1104.618871994296
144,180,-0.4273863986373559,0.5665925057073579,0.010276896477280771,0.9913041130497435,0.5169635958889811,0.348729573314325,0.6399555034244148,0.5195261033068335,4.966086040894,0.010169635958889811,1104.6188719942975
144,181,-0.42750118084726324,0.5665925057072974,0.010276896477280785,0.9922236230001817,0.5218244526957105,0.3487295733143428,0.6399555034243785,0.5195261033068335,4.969672129700709,0.010218244526957104,1104.618871994303
144,182,-0.42749429611938805,0.5665925057073283,0.010276896477280788,0.9922460689775814,0.5180326200292872,0.34872957331432153,0.6399555034243971,0.5195261033068335,4.969759669012568,0.01018032620029287,1104.6188719942966
144,183,-0.42725710299811426,0.5665925057073393,0.01027689647728078,0.9907618026615358,0.48924283604683894,0.3487295733143468,0.6399555034244037,0.5195261033068335,4.963971030379989,0.00989242836046839,1104.618871994304
144,184,-0.4273721657202433,0.5665925057073494,0.010276896477280782,0.9911193840325797,0.5195550126083812,0.3487295733143376,0.6399555034244098,0.5195261033068335,4.965365597727061,0.010195550126083811,1104.6188719943013
144,185,-0.42737245101235705,0.5665925057073653,0.010276896477280788,0.9922069501972238,0.47060243171935334,0.3487295733143384,0.6399555034244192,0.5195261033068335,4.969607105769173,0.009706024317193532,1104.6188719943016
144,186,-0.42744055224736494,0.5665925057073948,0.010276896477280785,0.9920566640783423,0.5048754399608423,0.34872957331433707,0.639955503424437,0.5195261033068335,4.969020989905535,0.010048754399608423,1104.6188719943011
144,187,-0.4273863986373559,0.5665925057073579,0.010276896477280771,0.9913041130497435,0.5169635958889811,0.34872957331431337,0.6399555034244148,0.5195261033068335,4.966086040894,0.010169635958889811,1104.618871994294
144,188,-0.42731979533728587,0.5665925057073369,0.010276896477280775,0.9906258537342015,0.5206935324519036,0.3487295733143383,0.6399555034244022,0.5195261033068335,4.963440829563385,0.010206935324519037,1104.6188719943016
144,189,-0.27522687843700844,0.5924812405275695,0.5,1.0,0.015,1.0,0.6554887443165417,1.45,5.0,0.00515,1300.0
144,190,-0.42734353740147696,0.5665925057073494,0.010276896477280775,0.9908198586412684,0.5215187826817446,0.348729573314339,0.6399555034244098,0.5195261033068335,4.964197448700947,0.010215187826817445,1104.6188719943018
144,191,-0.4274104637362603,0.5665925057073371,0.010276896477280762,0.9921145453923383,0.4901169664246499,0.34872957331434024,0.6399555034244023,0.5195261033068335,4.96924672703012,0.0099011696642465,1104.618871994302
144,192,-0.4274516771953902,0.5665925057073421,0.010276896477280785,0.9922962842766002,0.4985611888823397,0.34872957331433996,0.6399555034244053,0.5195261033068335,4.969955508678741,0.009985611888823395,1104.618871994302
144,193,-0.42746056162230883,0.5665925057074276,0.010276896477280768,0.9922504859724607,0.5042133519180202,0.3487295733143426,0.6399555034244566,0.5195261033068335,4.969776895292597,0.0100421335191802,1104.6188719943027
144,194,-0.42735398463448016,0.566592505707336,0.010276896477280788,0.9913068930485431,0.5037511778500137,0.3487295733143383,0.6399555034244017,0.5195261033068335,4.966096882889318,0.010037511778500135,1104.6188719943016
144,195,-0.4274413253657881,0.5665925057072558,0.01027689647728081,0.9918634853115011,0.5139008688240814,0.34872957331432075,0.6399555034243536,0.5195261033068336,4.968267592714854,0.010139008688240813,1104.6188719942961
144,196,-0.42735240954995257,0.566592505707278,0.01027689647728082,0.9910651185879253,0.514028157074891,0.34872957331433496,0.6399555034243669,0.5195261033068336,4.965153962492909,0.01014028157074891,1104.6188719943004
144,197,-0.4274105634888901,0.5665925057073431,0.010276896477280778,0.9915713612283441,0.5146600716451963,0.34872957331434096,0.6399555034244059,0.5195261033068335,4.967128308790542,0.010146600716451962,1104.6188719943023
144,198,-0.4274331651836631,0.5665925057073407,0.010276896477280785,0.9922375540022291,0.4937353528575807,0.34872957331430965,0.6399555034244044,0.5195261033068335,4.969726460608694,0.009937353528575806,1104.618871994293
144,199,-0.4274617081735669,0.5665925057073494,0.010276896477280788,0.9922460689775814,0.5048754399608423,0.34872957331432364,0.6399555034244098,0.5195261033068335,4.969759669012568,0.010048754399608423,1104.618871994297
