iteration,candidate_index,objective,phi_n,u_avg_n,ar_n,lt_0_n,lt_1_n,eps_1_n,a_1_n,phi,u_avg,ar,lt_0,lt_1,eps_1,a_1
0,0,-0.27760898896227126,0.3997617707485587,0.163567519309479,0.5463709759492179,0.7205820699333235,0.843956511386104,0.38211721688568545,0.6387669826554122,0.5398570624491352,0.81077828668801,3.2308468062019498,0.012205820699333235,0.07219782556930521,0.610164469287127,655.5067930621649
0,1,-0.2583478230097499,0.5544492440531583,0.6205813085721289,0.9862291128999501,0.30731028034481156,0.31083549214437733,0.45394180533310546,0.8662303001580377,0.632669546431895,1.6791044862870448,4.946293540309805,0.008073102803448116,0.045541774607218866,0.649667992933208,746.492120063215
0,2,0.0,0.06043191902235545,0.48943940516365825,0.13768828640369468,0.9712015436804299,0.3993407765677385,0.44496449625751366,0.003423322844100518,0.3362591514134133,1.4299348698109506,1.6369843169744094,0.014712015436804296,0.04996703882838692,0.6447304729416325,401.3693291376402
0,3,-0.1806166883119393,0.7226499204695067,0.9319176124375467,0.5124025981064579,0.17894817998408885,0.0027242473038553428,0.7978196897103741,0.4449419667302341,0.7335899522817041,2.2706434636313384,3.098370132615186,0.006789481799840888,0.030136212365192767,0.8388008293407057,577.9767866920936
0,4,0.0,0.543398883286717,0.6330701836046287,0.20261808730443132,0.3499059409901927,0.4786094889815391,0.06414412972570349,0.9467861424571201,0.6260393299720303,1.7028333488487946,1.8902105404872822,0.008499059409901926,0.053930474449076955,0.4352792713491369,778.7144569828481
0,5,0.0,0.25442927546004457,0.9138678328556217,0.9329721883318344,0.5286101745114659,0.8420571291592873,0.9222764705938038,0.4421002064459527,0.45265756527602674,2.2363488824256814,4.738591534494154,0.010286101745114658,0.07210285645796437,0.9072520588265921,576.840082578381
0,6,0.0,0.3513872878905716,0.7574551452600746,0.719235065574833,0.46208711011085746,0.36388702379575266,0.785061686658846,0.07072345233706312,0.510832372734343,1.9391647759941417,3.9050167557418485,0.009620871101108574,0.04819435118978763,0.8317839276623653,428.28938093482526
0,7,0.0,0.34044108806320994,0.0987309989405446,0.5137185934915883,0.970319864741375,0.24766312980346183,0.18224432778167277,0.6005494033066442,0.504264652837926,0.6875888979870347,3.1035025146171944,0.014703198647413748,0.04238315649017309,0.5002343802799201,640.2197613226576
0,8,-0.24614225849070365,0.64345476663446,0.20993070274196513,0.2721832546541467,0.20616543256187891,0.6004490870115499,0.62890216897891,0.8534322486038287,0.686072859980676,0.8988683352097337,2.1615146931511724,0.007061654325618789,0.060022454350577494,0.7458961929384005,741.3728994415314
0,9,0.0,0.40694091865230997,0.2527074941050108,0.12332989445169762,0.4488741173392523,0.4922954483086198,0.5736321110773038,0.3671649517379215,0.544164551191386,0.9801442387995205,1.5809865883616208,0.009488741173392523,0.05461477241543099,0.7154976610925171,546.8659806951687
0,10,-0.2475762455324783,0.7734356254290896,0.986375918514272,0.9130664706391434,0.149618049785463,0.3491433355208723,0.8458076237280692,0.45306042828700854,0.7640613752574539,2.3741142451771164,4.660959235492659,0.00649618049785463,0.04745716677604361,0.865194193050438,581.2241713148035
0,11,-0.24649829771528176,0.42857254431334413,0.30731026706543285,0.7901645016490473,0.2821116021731971,0.09411885757381844,0.6715934959016433,0.27620687345814254,0.5571435265880065,1.0838895074243224,4.181641556431284,0.00782111602173197,0.03470594287869092,0.7693764227459038,510.482749383257
0,12,-0.38474461251370673,0.6001895181505029,0.028012094214067695,0.712598619981797,0.054675776081028804,0.44273040700241906,0.5184848363555233,0.010108934472257025,0.6601137108903018,0.5532229790067287,3.879134617929008,0.005546757760810288,0.05213652035012095,0.6851666599955378,404.0435737889028
0,13,0.0,0.2843099186399959,0.5251098206717477,0.8132296076189798,0.49569568161067845,0.18446674775106797,0.7067411100825058,0.8998270183270519,0.47058595118399754,1.4977086592763205,4.271595469714021,0.009956956816106784,0.039223337387553396,0.7887076105453782,759.9308073308207
0,14,-0.3666282332813388,0.9804496581927556,0.23196192356529732,0.9294831810530761,0.3890096413251828,0.02887654420583663,0.08968451842495262,0.5120694178803781,0.8882697949156535,0.9407276547740648,4.724984406106997,0.008890096413251827,0.03144382721029183,0.449326485133724,604.8277671521512
0,15,0.0,0.24644258170295186,0.18024733530454207,0.5767674925845175,0.7030918420042969,0.41213232305845715,0.4611243751116818,0.8569528649610941,0.4478655490217711,0.8424699370786299,3.3493932210796182,0.012030918420042967,0.05060661615292286,0.653618406311425,742.7811459844377
0,16,-0.2986464133789513,0.3368997492942727,0.14548033487647127,0.7224943941069427,0.42688863995560766,0.7371437423292827,0.4592832766741476,0.020938816263019078,0.5021398495765637,0.7764126362652954,3.9177281370170767,0.009268886399556076,0.06685718711646413,0.6526058021707812,408.37552650520763
0,17,0.0,0.1871751427748244,0.42266821788814146,0.3843278144019324,0.29328079361089254,0.7079849388276078,0.5714065716354056,0.14072024541545491,0.41230508566489465,1.3030696139874687,2.5988784761675365,0.007932807936108925,0.06539924694138038,0.714273614399473,456.28809816618195
0,18,-0.38549644341386574,0.5245379160443605,0.0968481713661502,0.9831216282931855,0.9288156080207828,0.05627576854363625,0.2567288170680575,0.8993692958428405,0.6147227496266163,0.6840115255956853,4.934174350343424,0.014288156080207826,0.032813788427181814,0.5412008493874316,759.7477183371362
0,19,0.0,0.00814563534774182,0.13798911833126748,0.42684354773843736,0.4984441131164923,0.39324320165043514,0.6714836592277469,0.6259358324807694,0.30488738120864506,0.7621793248294082,2.7646898361799055,0.009984441131164923,0.04966216008252176,0.7693160125752607,650.3743329923078
0,20,0.0,0.10323839643237898,0.7641572651479771,0.016849311313054005,0.32701120571790776,0.6370926396450161,0.472361574753419,0.7863721918618092,0.3619430378594274,1.9518988037811564,1.1657123141209107,0.008270112057179077,0.0618546319822508,0.6597988661143804,714.5488767447237
0,21,0.0,0.05026898012216019,0.38743219963471764,0.023172861219224683,0.8058211756666046,0.5770800213150138,0.8397768808419191,0.012325520467723283,0.3301613880732961,1.2361211793059634,1.1903741587549763,0.013058211756666046,0.058854001065750686,0.8618772844630556,404.9302081870893
0,22,-0.2284280850525865,0.7258058494979712,0.7524018949606613,0.6116899057774093,0.4625662693630177,0.8930819987893869,0.6573425494385808,0.908691966816701,0.7354835096987828,1.9295636004252565,3.4855906325318964,0.009625662693630178,0.07465409993946934,0.7615384021912195,763.4767867266803
0,23,0.0,0.21819261467797224,0.6545923752350435,0.43535500966553775,0.6937233144719743,0.4932406150426596,0.23078329021100186,0.29785949442797177,0.4309155688067834,1.7437255129465827,2.797884537695597,0.011937233144719742,0.05466203075213298,0.526930809616051,519.1437977711887
0,24,-0.34443432429378573,0.5200276868379412,0.21011694312370077,0.9001142319668826,0.5914778781467233,0.9292843890812731,0.7895884947103033,0.7777239367297917,0.6120166121027648,0.8992221919350314,4.610445504670842,0.010914778781467231,0.07646421945406365,0.8342736720906668,711.0895746919166
0,25,0.0,0.6217498186524562,0.5549311567223612,0.1432910817547578,0.858910801167339,0.47612229773642956,0.7702537213492243,0.6014727552289665,0.6730498911914737,1.554369197772486,1.6588352188435556,0.013589108011673387,0.05380611488682148,0.8236395467420734,640.5891020915866
0,26,0.0,0.29638047257009537,0.9726974804541312,0.6613778238596835,0.18688139082741917,0.6748432849796686,0.9926430558312527,0.47365263763829113,0.4778282835420572,2.348125212862849,3.6793735130527656,0.006868813908274192,0.06374216424898344,0.9459536807071889,589.4610550553165
0,27,-0.3252064616081789,0.8347933725239998,0.14175695080929285,0.4930017904895886,0.23944023164726314,0.6128246962597752,0.5114215507846028,0.3225147887466069,0.8008760235143999,0.7693382065376564,3.0227069829093955,0.007394402316472631,0.06064123481298876,0.6812818529315315,529.0059154986427
0,28,-0.32031711182017686,0.5114520263028635,0.012860579186657395,0.4019629349740933,0.9346688861300828,0.40636071689691833,0.987109685419138,0.059597779023704445,0.6068712157817181,0.524435100454649,2.667655446398964,0.014346688861300826,0.05031803584484591,0.9429103269805259,423.8391116094818
0,29,0.0,0.0398368179278209,0.32162088289194557,0.7749083357186867,0.2775196866495524,0.6923556261044954,0.4158728970421285,0.8536185571398422,0.3239020907566925,1.1110796774946965,4.122142509302877,0.007775196866495524,0.06461778130522478,0.6287300933731707,741.4474228559369
0,30,-0.2748172123740683,0.6900922321912785,0.2934553607675986,0.46825822695647434,0.727046151091301,0.5792344750908491,0.5191913034954646,0.8083116076724797,0.7140553393147671,1.0575651854584374,2.92620708513025,0.01227046151091301,0.05896172375454246,0.6855552169225055,723.3246430689919
0,31,-0.2530169171993428,0.584238552698155,0.622203059578348,0.9907241651932864,0.27567698375258665,0.13208585026529462,0.1948864395174883,0.7595376251030995,0.650543131618893,1.6821858131988612,4.963824244253817,0.0077567698375258665,0.03660429251326473,0.5071875417346186,703.8150500412398
0,32,-0.3562246287102665,0.8516755038995529,0.02397247799600033,0.57253789708444,0.03991856334426813,0.4308460804087477,0.9246343652097843,0.10739883037016829,0.8110053023397319,0.5455477081924006,3.332897798629316,0.005399185633442681,0.051542304020437385,0.9085489008653813,442.9595321480673
0,33,-0.21177200568009222,0.6243882082696522,0.22086323884499925,0.1538219612122691,0.7111110952630005,0.7107789031405617,0.8515830272880861,0.8060213284663584,0.6746329249617914,0.9196401538054986,1.6999056487278494,0.012111110952630004,0.06553894515702809,0.8683706650084473,722.4085313865434
0,34,0.0,0.1236031262210695,0.1023473304568393,0.5212518306187648,0.6477048593923402,0.5909677604963925,0.2384150641832573,0.5349178599480119,0.3741618757326417,0.6944599278679946,3.1328821394131827,0.011477048593923402,0.059548388024819626,0.5311282853007915,613.9671439792048
0,35,-0.2697531524277659,0.7717518884269051,0.6131034741992519,0.7433904300058478,0.2361048236006742,0.9776761152934635,0.09452426013510795,0.11151426266299058,0.7630511330561431,1.6648966009785786,3.9992226770228063,0.007361048236006742,0.07888380576467319,0.4519883430743094,444.6057050651962
0,36,0.0,0.35974697109919074,0.3630133309032417,0.23605130085919623,0.3389541429601288,0.9949871818391829,0.7379999597986132,0.5135722727058414,0.5158481826595145,1.1897253287161593,2.0206000733508653,0.008389541429601287,0.07974935909195915,0.8058999778892373,605.4289090823365
0,37,-0.27330022921426167,0.5549439994712392,0.5878734427415236,0.9550603844332177,0.9403707525930487,0.6662664317141218,0.6361842819358123,0.796143912248903,0.6329663996827435,1.6169595412088948,4.824735499289549,0.014403707525930485,0.0633133215857061,0.7499013550646967,718.4575648995612
0,38,-0.1742221807295326,0.47576079166462815,0.6627110458085913,0.6822387363171729,0.16411984076335984,0.3368674168712563,0.45387866719793557,0.6838232038116371,0.585456474998777,1.7591509870363233,3.7607310716369744,0.006641198407633598,0.04684337084356281,0.6496332669588646,673.5292815246548
0,39,-0.29261197790567756,0.5054341395997608,0.01967717193651075,0.31808114874170634,0.03833942596856277,0.5669686693128143,0.2502909558698361,0.7870989241331531,0.6032604837598565,0.5373866266793704,2.3405164800926546,0.005383394259685628,0.05834843346564071,0.5376600257284099,714.8395696532612
0,40,0.0,0.39801251052987996,0.4507368266868489,0.3786199892507215,0.5197166311780279,0.17666611651934228,0.7315010170580929,0.5057628929564515,0.5388075063179281,1.356399970705013,2.576617958077814,0.01019716631178028,0.03883330582596711,0.802325559381951,602.3051571825806
0,41,0.0,0.41116350093853415,0.4932206022764334,0.35395885532550453,0.3311702480412584,0.6883820204278615,0.5485441349226704,0.4977991637741238,0.5466981005631205,1.4371191443252234,2.4804395357694675,0.008311702480412584,0.06441910102139307,0.7016992742074687,599.1196655096495
0,42,0.0,0.034368514126663086,0.9667547976425835,0.8692393489176721,0.22562332528980367,0.29448714542999677,0.6435491860748221,0.8542466719594084,0.32062110847599784,2.336834115520909,4.490033460778921,0.007256233252898037,0.044724357271499836,0.7539520523411521,741.6986687837634
0,43,-0.2407910956679235,0.9305928951271011,0.47244488213150226,0.3007328262637369,0.3507447560922091,0.3468731130953724,0.5230997188984454,0.42421829710548487,0.8583557370762607,1.3976452760498543,2.272858022428574,0.008507447560922091,0.04734365565476862,0.687704845394145,569.6873188421939
0,44,0.0,0.38413175840268166,0.47756259601983053,0.2957849361033099,0.3943797307113872,0.12535713486406286,0.8521913585289661,0.9316496596366599,0.530479055041609,1.4073689324376781,2.2535612508029086,0.008943797307113872,0.03626785674320314,0.8687052471909313,772.659863854664
0,45,-0.39616091775765994,0.760753249912338,0.10705795060086998,0.9205877701274172,0.2050122953352349,0.9582902448232665,0.33440745557910323,0.0029712730925853803,0.7564519499474028,0.7034101061416529,4.690292303496927,0.007050122953352349,0.07791451224116333,0.5839241005685067,401.18850923703417
0,46,0.0,0.08928059699329638,0.051212781098022186,0.13168580544493413,0.3867769471704834,0.5479051139241035,0.5503382652854483,0.20858019424737473,0.3535683581959778,0.5973042840862421,1.6135746412352432,0.008867769471704832,0.05739525569620517,0.7026860459069966,483.4320776989499
0,47,-0.36161047131663093,0.6475845701793919,0.23869789997518343,0.9718351673009151,0.17245624593084696,0.6774960653894886,0.16446973963530354,0.8682868382366488,0.6885507421076351,0.9535260099528484,4.890157152473569,0.00672456245930847,0.06387480326947442,0.49045835679941696,747.3147352946595
0,48,-0.3166927081253786,0.7765817572463858,0.5380416185854934,0.980309423152304,0.43190117192625055,0.8781657106727674,0.4798103737030216,0.0881976236071319,0.7659490543478316,1.5222790753124373,4.923206750293986,0.009319011719262506,0.07390828553363837,0.6638957055366619,435.27904944285274
0,49,-0.20336451590709922,0.8476006973774698,0.41726711248878856,0.14076376727718665,0.6380507053415624,0.2659902374848431,0.2614125888361237,0.7571109273552781,0.8085604184264819,1.292807513728698,1.6489786923810281,0.011380507053415624,0.04329951187424215,0.5437769238598681,702.8443709421113
