example,best_min,best_max,best_mean,best_median,best_stdev,problem_dimension,q25,q50,q75,q95,param_stats
ackley,0.05969036493020541,3.9015948275201784,1.693333369602985,1.8142532804903717,0.8116039922799616,10,1.1930773026786068,1.816460591606806,2.2022233305551677,2.7875099199679068,"{'x0': {'min': -1.1258704114424631, 'max': 1.1193201352908133, 'mean': 0.022434469970561643, 'median': 2.7477554525034975e-06, 'stdev': 0.36942852139591026, 'q25': -0.013766618271411346, 'q50': 5.4750068656517215e-06, 'q74': 0.03222585683300849, 'q95': 0.9286475487581995}, 'x1': {'min': -1.0421762018073721, 'max': 0.9701628687775852, 'mean': -0.052288367370413626, 'median': 7.151915255576569e-07, 'stdev': 0.39418962813813263, 'q25': -0.05600399232235986, 'q50': 1.2824466679717261e-06, 'q74': 0.01890007780254166, 'q95': 0.8951587341670262}, 'x2': {'min': -0.9709855091234871, 'max': 1.226045306154525, 'mean': 0.027154746130261316, 'median': 2.149866315193094e-06, 'stdev': 0.36653928804044694, 'q25': -0.024182268005596086, 'q50': 4.204868091051139e-06, 'q74': 0.02261393098209652, 'q95': 0.9215113957869718}, 'x3': {'min': -1.0838040593958418, 'max': 1.032284132551979, 'mean': 0.040170584532605996, 'median': 9.957852754638452e-05, 'stdev': 0.41274859708222955, 'q25': -0.015458913961595044, 'q50': 0.00011286390505915733, 'q74': 0.02989886088698057, 'q95': 0.9449163321324434}, 'x4': {'min': -1.948146728560392, 'max': 1.9156544911319386, 'mean': 0.0026875066992723975, 'median': 0.0014992938436826364, 'stdev': 0.4449266452938036, 'q25': -0.035961462650540454, 'q50': 0.0021259087422791367, 'q74': 0.045798928847638365, 'q95': 0.9094599806282844}, 'x5': {'min': -1.0050396828363155, 'max': 1.935442378412887, 'mean': 0.04915193667777384, 'median': -3.9837477316950753e-08, 'stdev': 0.4363089418705933, 'q25': -0.020467588897311373, 'q50': 2.1118911064377244e-07, 'q74': 0.0280518979188642, 'q95': 0.9582550174108917}, 'x6': {'min': -1.909743807762002, 'max': 1.120405713830479, 'mean': 0.08246306022177861, 'median': 0.0034309319471184097, 'stdev': 0.5196849039913327, 'q25': -0.034008388067171325, 'q50': 0.003441938051935267, 'q74': 0.0868815843693369, 'q95': 0.9731694209446715}, 'x7': {'min': -1.0144773164251966, 'max': 1.038546941014495, 'mean': -0.06645753338375524, 'median': -0.0005262018149956305, 'stdev': 0.4284304637818402, 'q25': -0.06904399525422633, 'q50': -0.000492078933930884, 'q74': 0.013370533473370472, 'q95': 0.8926200956967705}, 'x8': {'min': -1.117818445934578, 'max': 1.0097509027327476, 'mean': 0.02134640327100655, 'median': 0.0006618018776833878, 'stdev': 0.4379683549585771, 'q25': -0.025863942935593798, 'q50': 0.0009703264468399198, 'q74': 0.031001748642871974, 'q95': 0.9347411159333916}, 'x9': {'min': -1.9588617057057647, 'max': 2.0032278133710832, 'mean': 0.027720654507223302, 'median': 0.0012413573225202867, 'stdev': 0.4537408162775542, 'q25': -0.009094807098826152, 'q50': 0.0014596309780117167, 'q74': 0.03517827890080838, 'q95': 0.928299033813289}}"
beale,4.182834370168999e-25,0.019006641728532933,0.001796304341298314,7.240902739427481e-05,0.0037406427296562484,2,4.5374534388405426e-07,7.414012365050693e-05,0.001422648664828932,0.011640547218223064,"{'x': {'min': 2.7289029663109865, 'max': 3.084410519554231, 'mean': 2.950810460315572, 'median': 2.9921798571283893, 'stdev': 0.07694968668449412, 'q25': 2.91101445316066, 'q50': 2.9922254181777967, 'q74': 3.0000014652679567, 'q95': 3.0250940936941397}, 'y': {'min': 0.4113609109286456, 'max': 0.5202126462767573, 'mean': 0.4857638975763296, 'median': 0.49796458268782695, 'stdev': 0.022733886811977688, 'q25': 0.47650885819977606, 'q50': 0.49806594783306757, 'q74': 0.5000000257391548, 'q95': 0.5068127328082621}}"
booth,1.1560520160177851e-21,0.09467879054608833,0.005638230484003457,4.108974311529909e-05,0.015910180546214504,2,6.811364449531418e-10,4.352498549216167e-05,0.0019099073832002786,0.030996075819362964,"{'x': {'min': 0.8165236523217967, 'max': 1.181044580838801, 'mean': 1.002791302732076, 'median': 0.9999998671685493, 'stdev': 0.050085163649268266, 'q25': 0.9950826355928317, 'q50': 0.999999893425457, 'q74': 1.0008473926113446, 'q95': 1.1031798129822779}, 'y': {'min': 2.8004210236381244, 'max': 3.229345433966234, 'mean': 2.9977508353286995, 'median': 3.000000107324346, 'stdev': 0.05305444898379339, 'q25': 2.997408947641498, 'q50': 3.000000127562794, 'q74': 3.0036812508842416, 'q95': 3.0547854308443476}}"
bukin6,0.00025204457271186696,0.04712054879066386,0.013791469877906097,0.013459407440011128,0.009222263804951555,2,0.0058207375878617995,0.013512446183452358,0.019605183628143,0.026487597430597046,"{'x': {'min': -12.73523279594831, 'max': -5.287945120933614, 'mean': -9.45850494102106, 'median': -9.444747013250542, 'stdev': 1.5682241272060204, 'q25': -10.58207375878618, 'q50': -9.436174102802859, 'q74': -8.390122406889263, 'q95': -7.406980710422639}, 'y': {'min': 0.27962363602005613, 'max': 1.621861543669974, 'mean': 0.9192264263247089, 'median': 0.8920331963909855, 'stdev': 0.2962444893943109, 'q25': 0.7017328207152409, 'q50': 0.8936525757978977, 'q74': 1.115205484254152, 'q95': 1.4305399950721807}}"
cross_in_tray,-2.0626118708227397,-2.0626118707874905,-2.062611870821868,-2.062611870822739,4.544525697662465e-12,2,-2.0626118708227397,-2.062611870822739,-2.0626118708227197,-2.0626118708203913,"{'x': {'min': -1.3494089426624214, 'max': 1.3494073259515904, 'mean': 0.053976149231750675, 'median': 1.3494014390509337, 'stdev': 1.348326403718106, 'q25': -1.3494066042335344, 'q50': 1.3494021244804326, 'q74': 1.349406609077219, 'q95': 1.3494067168078452}, 'y': {'min': -1.3494077819928734, 'max': 1.349423993111369, 'mean': 0.0809643415461813, 'median': 1.3494047444546826, 'stdev': 1.3469753123809152, 'q25': -1.3494066031273118, 'q50': 1.3494048737121709, 'q74': 1.3494065951568164, 'q95': 1.3494066884452653}}"
easom,-1.0,-0.999999516457599,-0.9999999930363098,-0.9999999999995197,4.926752534051031e-08,2,-0.999999999999979,-0.9999999999995113,-0.9999999999506722,-0.9999999940014814,"{'x': {'min': 3.141024897226652, 'max': 3.141831353367145, 'mean': 3.1415860695486595, 'median': 3.1415926404487067, 'stdev': 6.539391459595522e-05, 'q25': 3.1415918078807827, 'q50': 3.1415926427324727, 'q74': 3.141592666324332, 'q95': 3.141596232841202}, 'y': {'min': 3.141478785088875, 'max': 3.141702971804124, 'mean': 3.1415913056784, 'median': 3.141592651800499, 'stdev': 1.7914528376207172e-05, 'q25': 3.1415924591438547, 'q50': 3.141592651870617, 'q74': 3.141592709893004, 'q95': 3.141594682513542}}"
eggholder,-956.8754675839423,-800.6794406884567,-908.8293290203281,-897.8708385105524,32.10141293904222,2,-935.3194952775924,-894.5789003906,-888.7529350214445,-862.3164664558776,"{'x': {'min': -481.5071091931576, 'max': 511.13303347622605, 'mean': 165.21813520839405, 'median': 429.4879678439912, 'stdev': 413.51147392529725, 'q25': -458.0452066808979, 'q50': 430.72438853705694, 'q74': 468.23076027571665, 'q95': 503.18412914846283}, 'y': {'min': 374.0808290937257, 'max': 501.0694478104223, 'mean': 431.732466625159, 'median': 435.64013427478136, 'stdev': 39.6784694033093, 'q25': 385.864410093812, 'q50': 435.86481601075354, 'q74': 454.08838916194395, 'q95': 497.62332553912927}}"
goldstein_price,2.999999999999922,3.344208726578824,3.007965265518808,3.0000283409783073,0.037431890271562254,2,3.000000000016851,3.000029477600981,3.00148089427757,3.0250728810110625,"{'x': {'min': -0.005967785543189663, 'max': 0.022810205049589083, 'mean': 0.0012369264080547592, 'median': 6.164049027868046e-06, 'stdev': 0.003582512177789489, 'q25': -4.873883074907326e-09, 'q50': 9.435270962754316e-06, 'q74': 0.0009990794220313681, 'q95': 0.006226326209441968}, 'y': {'min': -1.0060226060517554, 'max': -0.9701008980628825, 'mean': -0.9988512567132126, 'median': -0.9999560442409269, 'stdev': 0.0037090103298677724, 'q25': -0.9999999999971447, 'q50': -0.9999472649457624, 'q74': -0.9992786832995881, 'q95': -0.993756439943501}}"
griewank,0.0007597897252449304,0.25078561435366553,0.02605476094009304,0.012014227732275728,0.03924311260072992,10,0.005552232525493417,0.012090244445261855,0.02757727956646172,0.08984759749213989,"{'x1': {'min': -6.306084144225144, 'max': 6.27843816454379, 'mean': -0.21732169453492867, 'median': -8.998985673613902e-05, 'stdev': 1.9389575168452284, 'q25': -0.04844566431571096, 'q50': -3.3494601998640405e-05, 'q74': 0.01876073402076628, 'q95': 3.1289161596070656}, 'x2': {'min': -4.437095481282281, 'max': 4.548856998862071, 'mean': 0.3453224924384993, 'median': -9.410206064064397e-05, 'stdev': 2.2087695696614076, 'q25': -0.025766171678613503, 'q50': -4.200344248417309e-05, 'q74': 0.028552989126065853, 'q95': 4.439055742444346}, 'x3': {'min': -5.434572083243746, 'max': 5.546465446845641, 'mean': -0.007325891404713269, 'median': 7.071721701290556e-05, 'stdev': 1.8367453825781421, 'q25': -0.019551474121406898, 'q50': 0.00010907548343830342, 'q74': 0.032426735642678395, 'q95': 4.779682313043674}, 'x4': {'min': -6.193216833372874, 'max': 6.3531201954943555, 'mean': 0.3091055237948011, 'median': 0.0007071619527296846, 'stdev': 1.8128631088608713, 'q25': -0.011120056011321822, 'q50': 0.0008128280814041489, 'q74': 0.03557958456779886, 'q95': 6.105584261163326}, 'x5': {'min': -6.997819238388474, 'max': 7.048546810895832, 'mean': 0.2651651352609637, 'median': 2.1924044117938024e-06, 'stdev': 1.654607127972239, 'q25': -0.034478410539025006, 'q50': 4.485053725744592e-06, 'q74': 0.038094213978626, 'q95': 0.3017738691660359}, 'x6': {'min': -7.671047623948773, 'max': 7.695311015368063, 'mean': 0.1353747054149228, 'median': 5.795658141849458e-06, 'stdev': 2.093198782628082, 'q25': -0.01793792914555148, 'q50': 1.0911888693954097e-05, 'q74': 0.024301842029023746, 'q95': 0.4959582198307384}, 'x7': {'min': -7.128592591579911, 'max': 8.28491501862278, 'mean': 0.15449952307784243, 'median': 0.0001630210774843377, 'stdev': 1.5609227681584494, 'q25': -0.03720699726979504, 'q50': 0.0001700677061773348, 'q74': 0.022985079507471085, 'q95': 0.17020331961187019}, 'x8': {'min': -8.424198121445546, 'max': 8.706599153378725, 'mean': 0.08166244851518384, 'median': 0.0008552464172817409, 'stdev': 1.4935318536104756, 'q25': -0.019406371396913258, 'q50': 0.0009022534980296371, 'q74': 0.027995179643724555, 'q95': 0.24637041901980083}, 'x9': {'min': -9.1434553481318, 'max': 0.36651270893896815, 'mean': -0.2683109611216412, 'median': -0.004874801904906079, 'stdev': 1.4322642905419947, 'q25': -0.03840594018251764, 'q50': -0.004246790014883928, 'q74': 0.006011976831308274, 'q95': 0.08174372441441946}, 'x10': {'min': -0.4130245894336344, 'max': 0.48353829578794105, 'mean': -0.0016580182473848203, 'median': -0.00013190580395860962, 'stdev': 0.13655287459544774, 'q25': -0.0705930893377289, 'q50': -1.043186504290361e-06, 'q74': 0.028113108219475436, 'q95': 0.24374400687059428}}"
himmelblau,0.0,0.0003194688239399425,6.203788626848102e-06,5.656641480620741e-09,3.4295007843236805e-05,2,6.24312769502711e-12,5.819672203227985e-09,1.6875356826091735e-07,1.625251445342411e-05,"{'x': {'min': -3.779248433146482, 'max': 3.5844531793549965, 'mean': 2.685246001898435, 'median': 3.000002141779606, 'stdev': 1.6030885072682222, 'q25': 2.9999999571917275, 'q50': 3.000002759985371, 'q74': 3.0001530274682935, 'q95': 3.5844283414849407}, 'y': {'min': -3.28295144250119, 'max': 3.1313607311806084, 'mean': 1.2196654698235927, 'median': 1.9999962459500336, 'stdev': 1.681250937910185, 'q25': 1.9989517809303994, 'q50': 1.9999965130708848, 'q74': 2.0000000442113013, 'q95': 2.000534154253268}}"
holder_table,-19.20850256737901,-19.20794275166155,-19.208468605242214,-19.20850020748908,8.810233842799277e-05,2,-19.20850231634342,-19.208500186850138,-19.20848311925881,-19.208343656538,"{'x': {'min': -8.056235213014517, 'max': 8.058844419235967, 'mean': -1.4497538653318522, 'median': -8.054313934021273, 'stdev': 7.923223100967131, 'q25': -8.055017826873248, 'q50': -8.05424828241646, 'q74': 8.05492927183261, 'q95': 8.055635452174613}, 'y': {'min': -9.665477267608196, 'max': 9.665326093213093, 'mean': -0.5796389684849972, 'median': -9.661314571816234, 'stdev': 9.646537014551317, 'q25': -9.664222000087701, 'q50': -9.660785203136802, 'q74': 9.664410162555576, 'q95': 9.664862817917417}}"
levi13,1.3497838043956716e-31,0.10992807971723872,0.0013204594569489767,6.151638958318159e-09,0.01104601575148459,2,6.433740671521722e-13,7.0264356905432166e-09,6.0979721847499645e-06,0.00034203671676740367,"{'x': {'min': 0.9862559914966251, 'max': 1.329535788902385, 'mean': 1.003190841862728, 'median': 1.0, 'stdev': 0.03283513923744702, 'q25': 0.9999995840707339, 'q50': 1.0, 'q74': 1.0000027138707281, 'q95': 1.000872045979083}, 'y': {'min': 0.9909574367878591, 'max': 1.0202514447555409, 'mean': 1.0001761520738865, 'median': 1.00000000000826, 'stdev': 0.0027280592043668213, 'q25': 0.9999999757271318, 'q50': 1.0000000000089297, 'q74': 1.0000020043669053, 'q95': 1.0018367180207335}}"
matyas,3.670908799251192e-17,0.0075612233944713225,0.00022266203961454956,2.7257839864385483e-06,0.0008745031418639162,2,4.99728635812883e-08,2.79387498726433e-06,3.68917284790342e-05,0.0008043547446062744,"{'x': {'min': -0.40928094400852366, 'max': 0.2510680008438744, 'mean': -0.009930603918231657, 'median': -5.2031246854156166e-05, 'stdev': 0.07065887266918092, 'q25': -0.012829007482299204, 'q50': -5.006585376321482e-05, 'q74': 0.004277087031711702, 'q95': 0.08556962804055246}, 'y': {'min': -0.44338674794263966, 'max': 0.2588085201103052, 'mean': -0.010979530817273027, 'median': -4.958632668294882e-05, 'stdev': 0.07484909564048192, 'q25': -0.012263166772424228, 'q50': -4.621419961203799e-05, 'q74': 0.004100616933319756, 'q95': 0.07924338583464241}}"
mccormick,-1.9132229549810367,-1.913152846566161,-1.913219901109265,-1.9132229541658088,9.80004062718973e-06,2,-1.9132229549809803,-1.9132229541590542,-1.9132227175260281,-1.9132002928390528,"{'x': {'min': -0.5485118722671871, 'max': -0.5415151382137332, 'mean': -0.5468571273644455, 'median': -0.5471975428923428, 'stdev': 0.001140097812116602, 'q25': -0.5471979073712523, 'q50': -0.5471975412419716, 'q74': -0.5471123115640698, 'q95': -0.5441962255570139}, 'y': {'min': -1.5502216502462622, 'max': -1.5395868952414682, 'mean': -1.546838029384687, 'median': -1.5471975459568261, 'stdev': 0.0012268684963724378, 'q25': -1.547197851197795, 'q50': -1.547197544633089, 'q74': -1.5471245065431254, 'q95': -1.5441253730938693}}"
rastrigin,1.3170328796758213,16.403507309952317,7.159240409645424,6.665584495771547,3.0358923050543742,10,5.132228108184094,6.757795848308987,9.088800139274738,12.837891905889023,"{'x0': {'min': -1.974294115989145, 'max': 1.9203384312667149, 'mean': -0.0347672867728715, 'median': 0.0006046351689943386, 'stdev': 0.739275983494397, 'q25': -0.04563988047834844, 'q50': 0.0007588727790270866, 'q74': 0.03995231080887596, 'q95': 1.0041368715165264}, 'x1': {'min': -1.977444724602543, 'max': 2.0015771938677824, 'mean': 0.053005603619096654, 'median': 0.001577304730617346, 'stdev': 0.7402981049444479, 'q25': -0.024750713174872985, 'q50': 0.0016705392734319702, 'q74': 0.08176768319467076, 'q95': 1.0237068941098366}, 'x2': {'min': -1.9888570885350623, 'max': 1.9979322723966604, 'mean': 0.009092561576424591, 'median': 0.00010721834470794889, 'stdev': 0.7184674224052994, 'q25': -0.041718807545175096, 'q50': 0.0001124417964932789, 'q74': 0.05171606988064692, 'q95': 0.9981025430838679}, 'x3': {'min': -1.0243449082773273, 'max': 2.0030978444963923, 'mean': 0.05932051928015986, 'median': 0.00012069768481692833, 'stdev': 0.7234622919083846, 'q25': -0.03471503672493803, 'q50': 0.00013240262038394235, 'q74': 0.15075522987245904, 'q95': 1.0048129305443156}, 'x4': {'min': -2.0114124365096924, 'max': 1.0402695128264154, 'mean': -0.06178292698036099, 'median': 3.376335641513961e-05, 'stdev': 0.7131025751035628, 'q25': -0.9582412668776623, 'q50': 6.302298450933108e-05, 'q74': 0.03292459228466171, 'q95': 1.004897693399486}, 'x5': {'min': -1.9234062062386075, 'max': 1.9786671365507935, 'mean': -0.05092189584560061, 'median': 4.0707231523828824e-05, 'stdev': 0.6334769666560742, 'q25': -0.05919693862370501, 'q50': 7.554920831509548e-05, 'q74': 0.02796178772514324, 'q95': 1.0005636731851348}, 'x6': {'min': -1.0268240891288505, 'max': 1.96159638332505, 'mean': -0.08346416310634272, 'median': -7.646158617991006e-05, 'stdev': 0.6756418060738836, 'q25': -0.9274227576458758, 'q50': -5.401250202652363e-07, 'q74': 0.024498957568590995, 'q95': 1.0202490635580377}, 'x7': {'min': -1.9737197689860775, 'max': 1.9660930842963218, 'mean': -0.11331298279822442, 'median': -0.0001741663884677891, 'stdev': 0.7279878441103567, 'q25': -0.9354660856413002, 'q50': -6.537886320412412e-05, 'q74': 0.010434767377627274, 'q95': 1.0011908621093024}, 'x8': {'min': -2.988074044147758, 'max': 1.9780568405382857, 'mean': -0.029446408411318754, 'median': -9.548617956323113e-06, 'stdev': 0.7325949847427397, 'q25': -0.023998004082109503, 'q50': -8.244797564671558e-07, 'q74': 0.033261449378567676, 'q95': 0.9949622732826517}, 'x9': {'min': -1.0383178122530579, 'max': 2.0356720683019374, 'mean': 0.030489506296874972, 'median': -1.3331245835246364e-05, 'stdev': 0.6927192594774451, 'q25': -0.03208672420596059, 'q50': -1.9031752787057599e-06, 'q74': 0.03976831978462858, 'q95': 1.000768202582294}}"
rosenbrock,4.680092416139889,9.685886137227088,8.1979610995684,8.3202196160339,0.7881671877177457,10,7.826211410267031,8.323605302728089,8.622641179167008,9.478855333784365,"{'x0': {'min': -0.6050358774407514, 'max': 0.9208396631622211, 'mean': 0.3256215433086262, 'median': 0.33305755401701354, 'stdev': 0.27229788202646144, 'q25': 0.21540079720427485, 'q50': 0.33354804526093274, 'q74': 0.4624419035293603, 'q95': 0.7105037580588647}, 'x1': {'min': 0.0019846018102716023, 'max': 0.84751585018887, 'mean': 0.18392617224085644, 'median': 0.12464860416987866, 'stdev': 0.16819943877706064, 'q25': 0.06160707514728614, 'q50': 0.12653883827434154, 'q74': 0.26309853137423467, 'q95': 0.5058489223534872}, 'x2': {'min': -0.011959626448718286, 'max': 0.7213955695846987, 'mean': 0.07652422229280868, 'median': 0.03124667336925846, 'stdev': 0.12800656753347966, 'q25': 0.016789139760954974, 'q50': 0.03134751334095487, 'q74': 0.08746167915090863, 'q95': 0.2801508913080597}, 'x3': {'min': -0.021355048039466418, 'max': 0.542895013205591, 'mean': 0.03798925747185859, 'median': 0.01519822688529704, 'stdev': 0.08871110863276953, 'q25': 0.010703041341705077, 'q50': 0.015779795160990595, 'q74': 0.0252800479275872, 'q95': 0.09669166289405817}, 'x4': {'min': -0.02242640292321596, 'max': 0.336274042228502, 'mean': 0.025350731571829665, 'median': 0.012371616364298621, 'stdev': 0.049577780541847916, 'q25': 0.010145903396847622, 'q50': 0.012453019925158237, 'q74': 0.019944665890783142, 'q95': 0.06733589826284714}, 'x5': {'min': -0.03603085485555946, 'max': 0.1555957376750987, 'mean': 0.02082734476996069, 'median': 0.012740993743738382, 'stdev': 0.025832327472567338, 'q25': 0.010284033637099732, 'q50': 0.012914841900689478, 'q74': 0.01919224140813247, 'q95': 0.0680939872676487}, 'x6': {'min': -0.01726231935190725, 'max': 0.06382554749150682, 'mean': 0.017486416022583547, 'median': 0.013171795716022672, 'stdev': 0.012364035108962617, 'q25': 0.01098504024945246, 'q50': 0.013226696979388386, 'q74': 0.019281323188458988, 'q95': 0.04409644818521752}, 'x7': {'min': -0.017739912848695916, 'max': 0.04237425445735443, 'mean': 0.014756425229417319, 'median': 0.012404187765310493, 'stdev': 0.008701513118830306, 'q25': 0.010197906920676125, 'q50': 0.012607225983764625, 'q74': 0.018797944400611222, 'q95': 0.030355811688683065}, 'x8': {'min': 0.0025423665921597838, 'max': 0.10424735642584881, 'mean': 0.01708434789579288, 'median': 0.011732251418072881, 'stdev': 0.01355697539249567, 'q25': 0.010214787748217713, 'q50': 0.011968773113191222, 'q74': 0.018932514942754608, 'q95': 0.04424897148544016}, 'x9': {'min': -0.022120525798503987, 'max': 0.04204108035098342, 'mean': 0.005313787713107183, 'median': 0.002150631252301194, 'stdev': 0.009939319082330691, 'q25': 0.00026617988838806284, 'q50': 0.0022995430984127374, 'q74': 0.009074516498813967, 'q95': 0.02336261563682651}}"
schaffer_n2,0.0,0.0006174493685680571,1.697301906751325e-05,6.488578480068341e-09,7.360387389511473e-05,2,1.5261125696497402e-12,8.934974649044136e-09,1.7330524450520635e-06,6.446639895263395e-05,"{'x': {'min': -0.5559990912777764, 'max': 0.389691438466798, 'mean': 0.0059810146538156065, 'median': 3.982880869557448e-08, 'stdev': 0.09165485874140851, 'q25': -5.587075971646982e-05, 'q50': 4.6203510351006116e-08, 'q74': 0.00020514515621528062, 'q95': 0.09424130885125237}, 'y': {'min': -0.3698009783058893, 'max': 0.5555865311438595, 'mean': 0.003669734697662079, 'median': 9.148413226967023e-08, 'stdev': 0.09190009533636793, 'q25': -0.00087007258283478, 'q50': 1.311891963950984e-07, 'q74': 0.00037772366692223613, 'q95': 0.10531437461687432}}"
schaffer_n4,0.2925793947128314,0.29427195229491143,0.2928445195344144,0.29270245903437175,0.00034213003170629005,2,0.2926099999246389,0.29270502024311595,0.2929436036919743,0.29347609158914134,"{'x': {'min': -1.6302483829708478, 'max': 2.1638459913206134, 'mean': 0.21770761564555763, 'median': 0.2768518702821474, 'stdev': 1.0722310147263825, 'q25': -0.5494211588420796, 'q50': 0.3184550963397541, 'q74': 1.2616541190173294, 'q95': 1.478034366840383}, 'y': {'min': -2.22972363184396, 'max': 2.1906282560801387, 'mean': -0.10869582333917968, 'median': -0.011496172337746913, 'stdev': 0.95021346253293, 'q25': -1.0357566645722898, 'q50': -0.005109509107079191, 'q74': 0.5200904974625544, 'q95': 1.346620210371043}}"
sphere,0.005386170521528112,0.6481503361367016,0.1551636717431534,0.12063116610796801,0.12722833917905868,10,0.057174339003352156,0.12190775333338222,0.22719305187785505,0.3784195871807609,"{'x0': {'min': -0.4769053143430009, 'max': 0.3913045713671366, 'mean': -0.0034189468920817934, 'median': 0.0008474855542996984, 'stdev': 0.13632415739882076, 'q25': -0.030762537146848068, 'q50': 0.0012862381062008765, 'q74': 0.04618022099275354, 'q95': 0.2096223507539401}, 'x1': {'min': -0.3242727437203792, 'max': 0.2531910026405235, 'mean': 0.0012194718894796353, 'median': 0.0017458648491368578, 'stdev': 0.0883028670812818, 'q25': -0.02105271273033349, 'q50': 0.0019053146001661858, 'q74': 0.04394526329975523, 'q95': 0.1406190517077528}, 'x2': {'min': -0.5506324177831958, 'max': 0.3237361844195705, 'mean': -0.01914962353160636, 'median': 1.0704608435663232e-05, 'stdev': 0.13345214335801805, 'q25': -0.04807361601439464, 'q50': 0.00016875357850310024, 'q74': 0.023899920218456217, 'q95': 0.15888851467035003}, 'x3': {'min': -0.38741442763958034, 'max': 0.7618695102041873, 'mean': 0.007946810266184379, 'median': 6.329842829000398e-05, 'stdev': 0.1297224661256183, 'q25': -0.030180939995808842, 'q50': 0.00010709046331136562, 'q74': 0.03789015516182115, 'q95': 0.17906541689040978}, 'x4': {'min': -0.3091854131399119, 'max': 0.4154079401040143, 'mean': 0.01082625256871526, 'median': -0.001640529638971433, 'stdev': 0.11280311055485619, 'q25': -0.018476466764363764, 'q50': -0.0013258181500868105, 'q74': 0.027607006407469825, 'q95': 0.19667512672641507}, 'x5': {'min': -0.2934878913047667, 'max': 0.4475468888663787, 'mean': -0.0016828433659463826, 'median': -0.0009591143345231146, 'stdev': 0.12279520154052637, 'q25': -0.05022979992393939, 'q50': -0.000751919118634703, 'q74': 0.03915912036681135, 'q95': 0.20868148197230063}, 'x6': {'min': -0.5927523832009616, 'max': 0.5945460514512249, 'mean': 0.007001153236516657, 'median': 0.0028079741030073713, 'stdev': 0.14236216666248033, 'q25': -0.022589974982556882, 'q50': 0.0038755903652472057, 'q74': 0.046641973110249424, 'q95': 0.16574566203998842}, 'x7': {'min': -0.5643081570237669, 'max': 0.37439046344431137, 'mean': 0.003179694197015248, 'median': -0.0004842952481416418, 'stdev': 0.12124754449165999, 'q25': -0.045273313839601315, 'q50': -0.0002806221972546652, 'q74': 0.034428125436918755, 'q95': 0.2113989554371889}, 'x8': {'min': -0.45586373797901025, 'max': 0.3840563988472203, 'mean': -0.008509175373975273, 'median': -0.0017642369370047817, 'stdev': 0.1160647627064281, 'q25': -0.046654322165418094, 'q50': -0.001574061080248157, 'q74': 0.020550337681902064, 'q95': 0.15846561651160673}, 'x9': {'min': -0.46226449357334065, 'max': 0.5433933224077752, 'mean': 0.0072987886369267315, 'median': -0.0014028624289816882, 'stdev': 0.13097534082083134, 'q25': -0.03567645789483187, 'q50': -4.7405777525710846e-07, 'q74': 0.038410156904108206, 'q95': 0.1972987073434691}}"
styblinski_tang,-391.59691670923513,-348.64193003130094,-382.83082716890954,-388.18211758837367,9.267768482509396,10,-390.3283946178615,-388.13690582234784,-376.22306498559533,-363.2822120482535,"{'x1': {'min': -2.9868742767857115, 'max': 2.739277274875138, 'mean': -2.5135878017616977, 'median': -2.8810433111982814, 'stdev': 1.3035221956755751, 'q25': -2.902671902834101, 'q50': -2.880059656028644, 'q74': -2.816807065893159, 'q95': 2.4205221607578764}, 'x2': {'min': -2.9570502509489383, 'max': 2.7477294660539986, 'mean': -2.521865844467305, 'median': -2.88009171483053, 'stdev': 1.3091609618909368, 'q25': -2.903196765044621, 'q50': -2.8794226747726444, 'q74': -2.8261669962728844, 'q95': 2.4034022323583883}, 'x3': {'min': -2.9590483341770786, 'max': 2.7614537986769205, 'mean': -2.612258457804939, 'median': -2.8950900947947726, 'stdev': 1.1003030467848745, 'q25': -2.9034984440671674, 'q50': -2.8946931141113015, 'q74': -2.8086135989087007, 'q95': -2.2193013084880855}, 'x4': {'min': -2.9833216073338265, 'max': -2.532748114377718, 'mean': -2.869967949553527, 'median': -2.892887871414813, 'stdev': 0.06952883627228293, 'q25': -2.903541524731189, 'q50': -2.89285846718151, 'q74': -2.8724318345960826, 'q95': -2.7258720560795306}, 'x5': {'min': -2.9561427045017306, 'max': 2.7472124051125233, 'mean': -2.6166463808495233, 'median': -2.8844001734942877, 'stdev': 1.099647787521621, 'q25': -2.9034666307352035, 'q50': -2.8822152967757377, 'q74': -2.8172035951144414, 'q95': -2.356513496523964}, 'x6': {'min': -2.932097751737225, 'max': 2.7979473769275405, 'mean': -2.611610049474688, 'median': -2.8815637962525793, 'stdev': 1.1018627077399024, 'q25': -2.903523864847046, 'q50': -2.8813646014773804, 'q74': -2.800200011202941, 'q95': -2.4275729880052674}, 'x7': {'min': -3.01320677200622, 'max': 2.7638751259080996, 'mean': -2.6549859792360326, 'median': -2.884255308623692, 'stdev': 0.9623670087886581, 'q25': -2.903515589122969, 'q50': -2.883672149789206, 'q74': -2.7961067472620686, 'q95': -2.32157820095243}, 'x8': {'min': -2.9276911580074723, 'max': 2.746933398225222, 'mean': -2.493842896068451, 'median': -2.86676887951284, 'stdev': 1.3068874920044848, 'q25': -2.8994226214461265, 'q50': -2.865098132749328, 'q74': -2.783418302672824, 'q95': 2.391696749243666}, 'x9': {'min': -2.964990010595678, 'max': 2.7462487863637417, 'mean': -2.63590162937823, 'median': -2.8920417387032504, 'stdev': 1.0737022519300112, 'q25': -2.9035413010382785, 'q50': -2.891936337128419, 'q74': -2.8326290146835964, 'q95': -2.567072520432734}, 'x10': {'min': -2.9212455174427228, 'max': 2.7749826492507035, 'mean': -2.4396048617935002, 'median': -2.879893338683475, 'stdev': 1.4225713559465776, 'q25': -2.903427771183935, 'q50': -2.8793679383619644, 'q74': -2.7890419779257094, 'q95': 2.7054015032953878}}"
three_hump_camel,4.4581929165516975e-20,9.039017803121731e-05,1.335123038299625e-06,6.894949135691262e-10,9.11690589949419e-06,2,5.398373750745169e-12,7.030961067622074e-10,1.221513409031371e-07,3.2197441959288116e-06,"{'x': {'min': -0.0009222582400267854, 'max': 0.007096070350621986, 'mean': 9.475004274455578e-05, 'median': -8.22284151880126e-09, 'stdev': 0.0008083908405925302, 'q25': -1.0133076790097562e-05, 'q50': -3.365750345096785e-09, 'q74': 1.2986760969724287e-05, 'q95': 0.00047299155366609114}, 'y': {'min': -0.0050556707736850726, 'max': 0.0024475717788128293, 'mean': 5.814512019268747e-06, 'median': 8.217478253413901e-09, 'stdev': 0.0007199505977457147, 'q25': -2.6745584746912243e-05, 'q50': 1.4705010542570562e-08, 'q74': 1.1882331127921475e-05, 'q95': 0.000950312020030708}}"
