iteration,candidate_index,objective,x0_n,x1_n,x2_n,x3_n,x4_n,x5_n,x6_n,x7_n,x8_n,x9_n,x0,x1,x2,x3,x4,x5,x6,x7,x8,x9
41,0,2.2375755495145992,0.4852224228263536,0.5007093236048626,0.500215890201041,0.49927044864202724,0.5012657022185778,0.487720020268898,0.5152785531012509,0.5006257527003685,0.4995135353277086,0.5015073059271692,-0.968463297652093,0.046486231768277264,0.014148580215419315,-0.04781187779610008,0.08294906059671803,-0.8047807516574998,1.0012952560435835,0.04100932897134868,-0.03188094876328762,0.09878280124296168
41,1,2.2427702639712987,0.4851620477397242,0.5005146496394506,0.5002515793466433,0.49927044864202724,0.5012346369338138,0.487720020268898,0.5152785531012509,0.5006257527003685,0.4991638824368304,0.5015073059271692,-0.9724200393294353,0.03372807877103412,0.016487504061615255,-0.04781187779610008,0.0809131660944189,-0.8047807516574998,1.0012952560435835,0.04100932897134868,-0.054795800619885426,0.09878280124296168
41,2,14.901684266493925,0.4851620477397242,0.4890687047523092,0.5002515793466433,0.5149826735167049,0.20586893220155628,0.487720020268898,0.5152785531012509,0.5006257527003685,0.4991638824368304,0.5015073059271692,-0.9724200393294353,-0.7163933653526655,0.016487504061615255,0.9819044915907753,-19.276173659238808,-0.8047807516574998,1.0012952560435835,0.04100932897134868,-0.054795800619885426,0.09878280124296168
41,3,20.91492696439677,0.30282246935060453,0.48108499199760557,0.3089670135193783,0.5712605083942099,0.4769500198238465,0.14634767521519243,0.059820638231434464,0.15347947596757394,0.8208506957592964,0.7140220135203026,-12.92222664863878,-1.2396139644449207,-12.519537801994026,4.670128678122943,-1.510603500824395,-23.17695875709715,-28.84759465286471,-22.709569062989075,21.027271197281244,14.026146678066553
41,4,2.341467204961035,0.48541297625496277,0.5011235230440537,0.5002515793466433,0.5000951607850398,0.5027293172797841,0.48749961030916833,0.5151678665236633,0.500935287752685,0.4998438255401869,0.5015327674428658,-0.9559751881547598,0.07363120621510433,0.016487504061615255,0.00623645720836663,0.17886853724792928,-0.819225538778344,0.9940413004947999,0.061295018159967185,-0.010235049398310991,0.10045144713565435
41,5,21.45052512046155,0.3429287349707363,0.7233311451709656,0.8012053355870448,0.39112385597763666,0.012054057275681651,0.9302976969661336,0.17209535228770667,0.2937036930577053,0.7839373793371902,0.5719072004278765,-10.293822424957828,14.636229929924404,19.739792873032563,-7.135306974649605,-31.978025302380928,28.199989868372533,-21.48955899247286,-13.519834771770228,18.608120092242096,4.712510287241315
41,6,2.2641763878061885,0.4850667261058083,0.5005146496394506,0.5002515793466433,0.49927044864202724,0.5016666356082563,0.4875875043350911,0.5152785531012509,0.5006257527003685,0.4991672021255601,0.5015073059271692,-0.9786670379297462,0.03372807877103412,0.016487504061615255,-0.04781187779610008,0.10922463122268766,-0.813465315895467,1.0012952560435835,0.04100932897134868,-0.0545782414992928,0.09878280124296168
41,7,2.631429707218406,0.4851810624991826,0.5009913568936365,0.48863604470708144,0.49923608928677554,0.5015156439586532,0.4869007400838975,0.5150685234995189,0.5007225444039091,0.4991667523351958,0.5010958466354674,-0.9711738880535705,0.0649695653813609,-0.7447481740767117,-0.05006365250187628,0.09932924247429753,-0.8584730978616939,0.9875307560644728,0.0473526700545861,-0.054607718960610896,0.07181740510198864
41,8,2.505320110078547,0.48569189656250983,0.5007525014283054,0.4978657884710903,0.49924731554509066,0.5029799455415211,0.48860702783235466,0.5152149097232765,0.5010376237112074,0.49970369797003145,0.5014629862123725,-0.9376958668793556,0.049315933605420526,-0.13986768675862749,-0.049327928436937896,0.1952937110091284,-0.7466498239788066,0.9971243236246536,0.06800170753768953,-0.01941844983601726,0.09587826441404701
41,9,2.4168134029504214,0.48537088541074214,0.5007619549249869,0.500031831497063,0.4994709241448019,0.5028188755899683,0.48882637023432635,0.515212042201717,0.500790262363967,0.4995862347673208,0.5015876142121969,-0.9587336537216018,0.04993547796394182,0.0020861089915200637,-0.03467351524626139,0.1847378306641616,-0.7322750003231917,0.9969363977317229,0.05179063428494146,-0.027116518288863745,0.10404588501053524
41,10,2.345628871742083,0.48509273637632866,0.5009433630422034,0.499046080486122,0.5003541726784084,0.5022744839126401,0.48816054628053723,0.5152342257044155,0.5006232697582919,0.500126657100738,0.501466821541117,-0.976962428840924,0.061824240333841374,-0.06251606926151254,0.023211060652172932,0.14906057769877634,-0.7759104389587108,0.998390215764573,0.04084660687941266,0.008300599753965798,0.09612961651864538
41,11,2.2559285535800773,0.4850103377296404,0.5009530445158333,0.5002368990393558,0.4992122586503431,0.5016707979252271,0.48714771927456246,0.5153446219706228,0.501047519072918,0.5002530048710945,0.501362881027732,-0.9823625065502846,0.06245872538965358,0.015525415443221391,-0.05162541709111679,0.10949741282767889,-0.8422870696222731,1.0056251454667375,0.06865020996275462,0.016580927232048737,0.08931777103344274
41,12,2.4697196819378395,0.4856063966741105,0.5012454985363097,0.5002137325676733,0.4996095474154163,0.5024828563074298,0.48748719031225857,0.5151872807985098,0.5027736070590052,0.49969629515154057,0.501803182455376,-0.943299187565497,0.08162499207559648,0.014007177555036776,-0.025588700583277557,0.16271647096372277,-0.8200394956958235,0.99531363441114,0.1817711122189678,-0.019903600948637745,0.11817336539552059
41,13,21.519050245469916,0.882492502776667,0.6315700627621249,0.44595299788113674,0.5166972929832507,0.9669126912530346,0.154651869658739,0.009205384765596958,0.07311286695065933,0.6288623003651935,0.597478190737917,25.067028661971648,8.62257563317862,-3.5420243308618247,1.0942737929503181,30.599590133958877,-22.63273507004488,-32.16471590400184,-27.97647515152159,8.445119716733323,6.3883307082001295
41,14,2.270804753396558,0.4851790824387705,0.5005146496394506,0.5002515793466433,0.4993844843875614,0.5018239742231659,0.48768346075945757,0.5152409901749349,0.5006257527003685,0.49920541406987834,0.5015073059271692,-0.9713036532927362,0.03372807877103412,0.016487504061615255,-0.040338431176778045,0.11953597468940558,-0.8071767156681879,0.9988335321045341,0.04100932897134868,-0.05207398351645054,0.09878280124296168
41,15,2.286420033566302,0.4854580294010018,0.5008584860445976,0.5002515793466433,0.49928578422051106,0.501777391440025,0.48771331138854224,0.5152350167937524,0.5014194256945709,0.49955682391294265,0.5012598840782937,-0.9530225851759475,0.0562617414187514,0.016487504061615255,-0.04680684532458912,0.11648312541347394,-0.8052204248404955,0.9984420605953588,0.09302348231939561,-0.02904398804138708,0.0825677629550583
41,16,21.22161753240265,0.8671716651605565,0.06767297062569166,0.731018992131225,0.6596945169063094,0.7896941865423803,0.3527090470409764,0.8557605084853728,0.9410042422713035,0.9583578219705202,0.02534059156550572,24.062962247962233,-28.332984197074673,15.14006066831196,10.465739859971897,18.98539820924144,-9.65285989312257,23.315120684097387,28.90165402149215,30.038938220660015,-31.107278991163017
41,17,21.34336306123594,0.775121418670652,0.11711229895408981,0.3866879450959232,0.13992687708344975,0.7610461089967564,0.217083000742195,0.2935704039276651,0.10623679457189927,0.5540410204415035,0.32741769488482875,18.03035729399985,-25.09292837574477,-7.426018830193577,-23.597752183459036,17.107917799211428,-18.54124846335951,-13.528570008196542,-25.80566543093601,3.5416323156543754,-11.310353948027863
41,18,21.30049091956,0.46265616725749836,0.23639921162804378,0.7557581414805498,0.30502477607592715,0.9255951400297369,0.45532467009074684,0.21556089996490813,0.7968234178234401,0.6037458206680301,0.9788385431622092,-2.447365422612588,-17.275341266744523,16.761365560069308,-12.77789627508804,27.891803096988838,-2.9278424209328158,-18.641000859899783,19.45261951047697,6.79908610330002,31.38116276467855
41,19,21.339431916054995,0.013009198695367652,0.32332853947034346,0.6456497692123413,0.9882813116578001,0.19286986099726788,0.6324780263218983,0.10005510531949469,0.9543633094697396,0.24267772543797572,0.7481708277446074,-31.915429154300387,-11.578340837271572,9.545303275099997,32.00000404080559,-20.128080789683054,8.682079933031929,-26.210788617781596,29.777153849408855,-16.863872585696825,16.26412336707059
41,20,2.394222201052042,0.4855003196792247,0.5008709331636922,0.5002515793466433,0.49940241533272367,0.5027924779850437,0.487720020268898,0.5151962626533126,0.5014189485643009,0.49955682391294265,0.501729229669666,-0.9502510495023309,0.05707747581573841,0.016487504061615255,-0.03916330875462393,0.18300783722781944,-0.8047807516574998,0.9959022692474946,0.0929922131100227,-0.02904398804138708,0.11332679563123094
41,21,2.2749907672442267,0.4854908896624948,0.5008584860445976,0.5002515793466433,0.4994839966231034,0.5017604982020681,0.48767675187910187,0.5151954570558026,0.5011368299942367,0.49955682391294265,0.501509127599217,-0.9508690550787406,0.0562617414187514,0.016487504061615255,-0.03381679730829745,0.11537601017073484,-0.80761638885118,0.995849473609077,0.07450329050229954,-0.02904398804138708,0.09890218634227921
41,22,21.185222642352233,0.6562575332438964,0.9368887206572158,0.9938704178422867,0.745598214443322,0.07395987126862524,0.789975546156176,0.36628035096420997,0.12821261486070346,0.8529900173135408,0.2856844126327285,10.24049369867199,28.631939196991297,32.36629170371211,16.09552458175755,-27.920965876539377,19.003837392891157,-8.763450919209536,-24.36545807248894,23.133553774660214,-14.045386333701508
41,23,21.346346083206683,0.8991952530558961,0.7124722368818667,0.9246552850029752,0.907213914042002,0.4223148397094202,0.1795542373719624,0.18365836706839778,0.0026321131065986103,0.3507305464061953,0.981416285887083,26.161660104271206,13.924580516290014,27.830208757954985,26.687171070656646,-5.0911746648034395,-21.00073349959107,-20.731765255805485,-32.59550183544595,-9.782522910723586,31.550097711895873
41,24,2.2423186274467395,0.48516239450298015,0.5005146496394506,0.5002515793466433,0.49927044864202724,0.5015119302466315,0.48772002026889805,0.5152785531012509,0.5006257527003685,0.49983376165240223,0.501479228930943,-0.9723973138526922,0.03372807877103412,0.016487504061615255,-0.04781187779610008,0.09908586064324254,-0.8047807516574963,1.0012952560435835,0.04100932897134868,-0.01089459634816592,0.09694274721827867
41,25,2.350526093488004,0.4852684575937505,0.5007213128701877,0.498074240945796,0.49953037200958583,0.5016332501986143,0.48795799266075024,0.5152311695617169,0.5009776289953229,0.4994414402628653,0.501487208747705,-0.9654463631359675,0.0472719602606233,-0.12620654537631282,-0.0307775399797805,0.1070366850163822,-0.7891849929850707,0.9981899283966769,0.06406989383748396,-0.03660577093285866,0.09746571248959413
41,26,2.2991806740326415,0.48505520874814967,0.5008396852590525,0.49987921018016246,0.5003876124955442,0.5022744839126401,0.4877676766293666,0.5152342257044155,0.5003883974225269,0.5004556531723247,0.501430757968461,-0.9794218394812617,0.05502961313726473,-0.007916081632870942,0.02540257250798561,0.14906057769877634,-0.8016575444178322,0.998390215764573,0.02545401348272236,0.029861686301465795,0.09376615422106482
41,27,2.2868560070769743,0.4850478653578194,0.5007828412878179,0.49903140017883446,0.49917881883320736,0.5016707979252271,0.48754058892573315,0.5153446219706228,0.501047519072918,0.4999240087995079,0.501362881027732,-0.9799030959099468,0.051304286638433894,-0.0634781578799064,-0.05381692894692236,0.10949741282767889,-0.8165399641631517,1.0056251454667375,0.06865020996275462,-0.00498015931545126,0.08931777103344274
41,28,2.29061276617048,0.4852224228263536,0.5007093236048626,0.500215890201041,0.49927044864202724,0.5019522531286141,0.487720020268898,0.5152785531012509,0.5008763361244938,0.4995135353277086,0.5015073059271692,-0.968463297652093,0.046486231768277264,0.014148580215419315,-0.04781187779610008,0.12794286103685693,-0.8047807516574998,1.0012952560435835,0.057431564254827094,-0.03188094876328762,0.09878280124296168
41,29,2.7482238465451663,0.48501918341152406,0.5005542168349609,0.4931674732907907,0.49928670935993225,0.5014648806013859,0.48800006056342604,0.5152788238173283,0.5007101626196797,0.4999663324349069,0.5013406429980695,-0.9817827959423582,0.03632115449600093,-0.44777647041474467,-0.04674621538747914,0.09600241509242835,-0.7864280309153102,1.0013129976924233,0.04654121744332684,-0.002206437545943629,0.08786037952148007
41,30,2.4419964291218936,0.4851620477397242,0.5010078618050344,0.497722317033394,0.49911253973519726,0.5027080144009767,0.487720020268898,0.5152785531012509,0.5006725764796265,0.49955530387879354,0.501048008878001,-0.9724200393294353,0.06605123125473966,-0.14927023089948932,-0.05816059591411005,0.17747243178240524,-0.8047807516574998,1.0012952560435835,0.04407797216880027,-0.0291436049993834,0.06868230982867374
41,31,2.2460822694710143,0.48571729897510874,0.5010109178534132,0.5002515793466433,0.4994157618698445,0.5012442947174469,0.48756378354800256,0.5152411405968237,0.5011419241961623,0.5002988021907876,0.5015637172632574,-0.9360310943672729,0.06625151244129057,0.016487504061615255,-0.03828863009787398,0.08154609860260109,-0.8150198813981042,0.9988433901534393,0.07483714411969089,0.019582300375454054,0.10247977456484136
41,32,20.67620625575233,0.7869455254938157,0.2648099104769508,0.20421468251114783,0.4966035225486232,0.4367217386819191,0.5897724290942892,0.6528627283431192,0.9595250810713399,0.8318666768944014,0.2418268974430905,18.805261958762706,-15.413417706982553,-19.384586566949416,-0.22259154625342603,-4.147004133741749,5.883325913123336,10.018011764694663,30.115435713091337,21.74921453695149,-16.919632449169622
41,33,9.996110353681864,0.4852224228263536,0.5007093236048626,0.500215890201041,0.427646526134855,0.5012657022185778,0.487720020268898,0.5933532218413566,0.5006257527003685,0.5872473323289795,0.5015073059271692,-0.968463297652093,0.046486231768277264,0.014148580215419315,-4.741757263226145,0.08294906059671803,-0.8047807516574998,6.117996746595146,0.04100932897134868,5.717841171511999,0.09878280124296168
41,34,2.5440449929722004,0.4851818572635711,0.5013839583743712,0.4865403072085562,0.4990780144547642,0.5016737599433729,0.4866513401103757,0.5150706502592548,0.5010706572084392,0.5005699817317986,0.5009124907389683,-0.9711218023746042,0.0906990960227887,-0.8820944267800641,-0.0604232446925721,0.10969153164889178,-0.8748177745264201,0.9876701353905233,0.07016659081227061,0.03735432277515116,0.05980099306902531
41,35,2.5063631775962354,0.4851907658177224,0.5012161788691998,0.48617986465083163,0.49906793616928774,0.5016749433844,0.48676132177132914,0.5150696347297301,0.5008928338689168,0.49991058762820173,0.5006396144593865,-0.970537971369744,0.0797034983718774,-0.9057163902431,-0.06108373520955723,0.1097690896400394,-0.867610016394174,0.9876035816475905,0.05851276043333087,-0.005859729198171237,0.04191777321035772
41,36,2.2747939740696137,0.4850713097008062,0.5009336813385667,0.5001247729567433,0.49933111823214393,0.502178021380735,0.48683925740274603,0.515197493847831,0.500722217860402,0.49932843806058724,0.5015402246176955,-0.9783666474479666,0.06118974020431267,0.008177120493130019,-0.04383583553821779,0.14273880920784876,-0.8625024268536379,0.9959829568114529,0.04733126969930623,-0.0440114832613574,0.1009401605452922
41,37,21.204797060646964,0.32586397639228915,0.44727626289295475,0.012893694605350614,0.08770496162927,0.4845560543946661,0.36729460025974436,0.2919559219796666,0.5797393212534792,0.062330764368035196,0.6935638456611748,-11.41217844315494,-3.4553028350473163,-31.922998830343744,-27.020167634664162,-1.0121344191911632,-8.696981077377394,-13.63437669714057,5.225796157668007,-28.683091026376445,12.68540018925075
41,38,2.320780330399423,0.4857921046817154,0.5011479851513462,0.49966972537440046,0.4995924973978782,0.5023301409706277,0.4875318658413563,0.5151790316633982,0.5009543929926217,0.49955682391294265,0.501651049250599,-0.9311286275790991,0.07523435487862429,-0.02164487786328806,-0.026706090532655935,0.1527081186510557,-0.8171116402208725,0.9947730190924631,0.06254709916445478,-0.02904398804138708,0.10820316368725713
41,39,21.25596722572561,0.6089298172080629,0.2936189162354669,0.6281760033175543,0.9475609431204346,0.8505752997420297,0.5908198620163858,0.025018326181507122,0.8823669778758857,0.8395430000439107,0.7686458860708821,7.138824500547614,-13.525390705592443,8.400142553419236,29.3313539683408,22.975302843893658,5.95197047710586,-31.12839897536875,25.058802262074046,22.252290050877733,17.60597678954133
41,40,2.2639928294778255,0.4853468959206869,0.5006675179212993,0.498911692284551,0.4992197765273718,0.5012346369338138,0.4876454257800158,0.5152785531012509,0.5006257527003685,0.4991638824368304,0.5015073059271692,-0.9603058289418627,0.04374645449026815,-0.07132333443966843,-0.05113272550216408,0.0809131660944189,-0.8096693760808833,1.0012952560435835,0.04100932897134868,-0.054795800619885426,0.09878280124296168
41,41,2.3199651359736113,0.4853600092691059,0.5005679356506091,0.4978656829567315,0.49913051696824096,0.5012346369338138,0.48750352679629705,0.5152785531012509,0.5009411915619564,0.5000414456172975,0.5015073059271692,-0.9594464325398775,0.03722023079831871,-0.13987460174764266,-0.056982439969360144,0.0809131660944189,-0.8189688678778779,1.0012952560435835,0.06168193020437229,0.002716179975209343,0.09878280124296168
41,42,2.2724962827794823,0.4850103377296404,0.5007600985432172,0.49903140017883446,0.49917881883320736,0.5016707979252271,0.48714771927456246,0.5153446219706228,0.501047519072918,0.5004626021924302,0.501362881027732,-0.9823625065502846,0.04981381812828545,-0.0634781578799064,-0.05381692894692236,0.10949741282767889,-0.8422870696222731,1.0056251454667375,0.06865020996275462,0.030317097283109717,0.08931777103344274
41,43,2.328706752271391,0.4853104021306801,0.5010958707377662,0.5002515793466433,0.49934158527096445,0.5028211289098308,0.48661811907716795,0.5151885534354551,0.500913692964684,0.4998438255401869,0.501592606897983,-0.9626974859637478,0.07181898467024439,0.016487504061615255,-0.04314986768207518,0.18488550423467132,-0.8769949481587211,0.9953970379459847,0.059879782133535286,-0.010235049398310991,0.10437308566621795
41,44,2.3571290317524434,0.4853074444775314,0.5011306838969611,0.5002422848648651,0.4995191069802536,0.5024731459278919,0.487720020268898,0.5151746414280802,0.501238623633341,0.49955944828121,0.5015896147360906,-0.962891318720505,0.07410049987124268,0.015878380903799894,-0.03151580494210293,0.16208009153032776,-0.8047807516574998,0.9944853006306644,0.0811744384346369,-0.028871997442621478,0.10417699134443836
41,45,2.249935898970627,0.48530922933972676,0.5002283758388046,0.49883932016240545,0.4992183769300321,0.5018491643991896,0.48695441486634305,0.5151680184969959,0.5011909750387518,0.5002172238819972,0.501176820429456,-0.9627743459916687,0.014966838971901097,-0.07606631383659845,-0.05122444951341265,0.12118683806529162,-0.8549554673193427,0.9940512602191234,0.07805174013963523,0.014235984330568385,0.07712410366482914
41,46,2.6111339998302516,0.48493940022308113,0.5003988969324142,0.4880570025793485,0.4991605434717534,0.5018456655445704,0.48686404453383453,0.5151102178453343,0.5007531146226477,0.4998635460043406,0.5013920356106958,-0.9870114669801566,0.026142109362702115,-0.7826962789598184,-0.05501462303517002,0.12095753712896595,-0.8608779774306221,0.9902632367118258,0.049356119909838014,-0.008942649059534347,0.09122844578256206
41,47,21.491441329761017,0.04489425841366279,0.978345241078396,0.02609973270835564,0.5424787957448525,0.9675986917197887,0.604076745615505,0.8310495048874992,0.008529708457765794,0.850305741209668,0.35509947596534763,-29.825809880602197,31.34883371931376,-31.057527917225205,2.783890357934652,30.644547860548073,6.820773600657731,21.695660352307144,-32.20899702651186,22.9576370559168,-9.496200743134978
41,48,2.2103895976983563,0.48525609135679737,0.5004121028349833,0.5001042068620709,0.4992431918507974,0.5014969147449805,0.4871281991615407,0.5151867532283242,0.5012225023388777,0.4998829149629198,0.5012151331116977,-0.966256796840927,0.02700757139346166,0.006829300912677638,-0.04959817886614104,0.09810180472704388,-0.8435663397492696,0.9952790595714518,0.08011791328068796,-0.0076732849900906785,0.0796349636082212
41,49,2.259730281642977,0.48521518572265354,0.500330922643272,0.4989866926469779,0.49924563372126196,0.5015868865880229,0.48754623597370034,0.5152598183699226,0.5006911112317574,0.4994981913559078,0.5014689932449274,-0.968937588480177,0.021687346349473557,-0.06640811068765373,-0.04943814844337879,0.10399819943266664,-0.8161698792275764,1.000067456691248,0.04529266568444967,-0.03288653129922636,0.09627194129956251
41,50,19.0017457349491,0.44460399172985055,0.4899102488708652,0.5801316582853827,0.44493289920413015,0.7780754392870485,0.5620305030685887,0.19062174313929325,0.5702159305257294,0.5088148090091011,0.6138027093644245,-3.6304327979925155,-0.6612419299989796,5.25150835739084,-3.6088775177581276,18.22395198911601,4.065231049103026,-20.27541344162328,4.6016712229342005,0.5776873232204522,7.4581743609069235
41,51,21.24000423094184,0.4025084013879844,0.6728772010422351,0.6820641385331137,0.04708134820673404,0.6431903919182482,0.1498654349794819,0.5360762182236839,0.12553310572798382,0.2629577174639971,0.5652116162902653,-6.389209406637054,11.329680247503923,11.93175538290614,-29.68247676392348,9.384125524754317,-22.946418853184674,2.36429103750735,-24.541062383010853,-15.534803028279487,4.273708485198824
41,52,21.266928232617346,0.1456852771108733,0.00894165475620401,0.5106225592147577,0.018442215129808148,0.9428891668546001,0.7162693029209941,0.3018569252351382,0.013356015575481939,0.29736408455732,0.5352774794584203,-23.220369679261808,-32.18199971389741,0.6961600406983663,-31.559370989252894,29.025184438983075,14.17342503623027,-12.985504547789983,-31.892700163245216,-13.279947354451476,2.311944893787036
41,53,2.2900916325753014,0.48489169546672495,0.5005146496394506,0.5002515793466433,0.49927044864202724,0.5018408674611228,0.487720020268898,0.5152785531012509,0.5006257527003685,0.4991638824368304,0.5015073059271692,-0.9901378458927148,0.03372807877103412,0.016487504061615255,-0.04781187779610008,0.12064308993214468,-0.8047807516574998,1.0012952560435835,0.04100932897134868,-0.054795800619885426,0.09878280124296168
41,54,2.3183040888546143,0.48521767394193727,0.5003856115692683,0.5002515793466433,0.5001097398562936,0.5024801300754516,0.4881409802839328,0.5149679853078362,0.500565298182086,0.4996505399222714,0.5015520268501565,-0.9687745205411993,0.02527143980356783,0.016487504061615255,0.0071919112220584225,0.16253780462479028,-0.7771927161121788,0.9809418851343494,0.037047381661182044,-0.022902215654021063,0.10171363165186165
41,55,21.375683978941844,0.45412213318400874,0.156278889840322,0.06997831012532973,0.3713722135068497,0.855066215097354,0.4083530689319931,0.18750370171479291,0.03960800637821682,0.12667649612537502,0.6840718380498401,-3.0066518796528037,-22.526106675424657,-28.18190146762639,-8.429750615615099,23.269619472620192,-6.0061732744729,-20.47975740441933,-30.172249693997184,-24.466129149927426,12.06333197843432
41,56,2.354823716319441,0.48534446468948467,0.5012424843659788,0.5002515793466433,0.49955566290367015,0.5026103289639178,0.48767675187910187,0.5151803137898447,0.5006269054361384,0.49999940085294625,0.5017564235876141,-0.9604651621099336,0.08142745540879304,0.016487504061615255,-0.029120075945073154,0.17107051897931314,-0.80761638885118,0.9948570445312654,0.041084874662765,-3.92657013179587e-05,0.11510897623787741
41,57,2.2791082840270183,0.48523096324191034,0.5005146496394506,0.5002515793466433,0.49927044864202724,0.5012346369338138,0.487720020268898,0.5152785531012509,0.5014594742077846,0.4991638824368304,0.5015288521065752,-0.9679035929781641,0.03372807877103412,0.016487504061615255,-0.04781187779610008,0.0809131660944189,-0.8047807516574998,1.0012952560435835,0.09564810168136972,-0.054795800619885426,0.10019485165651076
41,58,21.151226713277133,0.04263847405717147,0.6147596543636823,0.4427493064012843,0.2563756999969682,0.563585708171758,0.9712807581247275,0.916314834983282,0.3192797787277808,0.05515002109548073,0.23327510217560998,-29.973644964189212,7.52088870837828,-3.7519814556854314,-15.966162124998693,4.167152970744333,30.885855764462143,27.283609025464372,-11.84368042129616,-29.153688217486575,-17.480082903819223
41,59,20.451307341383103,0.26954022558546187,0.7024072767999789,0.5060458303797489,0.5895668271136452,0.7021357544855696,0.28927915820967565,0.5487458319136632,0.6140583894038065,0.012158815495356246,0.2243841011345028,-15.103411776031173,13.264963292363419,0.39621953976722324,5.86985158171985,13.24716880596629,-13.809801087570698,3.1946068402938295,7.474930607967863,-31.971159867696333,-18.062763548049226
41,60,2.2349345982124125,0.4851797019894517,0.5011351979682968,0.5002515793466433,0.5000977389166977,0.5013956048462095,0.48778328398407866,0.5148220230478966,0.500565298182086,0.4996374463188977,0.5015157456275019,-0.9712630504192923,0.07439633405029866,0.016487504061615255,0.006405417644700151,0.09146235920118784,-0.800634700819419,0.971376102466948,0.037047381661182044,-0.023760318044715234,0.09933590544396509
41,61,20.923493710061102,0.6236892957879839,0.5457551205774868,0.5187760069855737,0.5834796237077461,0.7213164948997047,0.31098748330280157,0.0616170322274282,0.311309081748258,0.661637935293983,0.900056680986507,8.106101688761314,2.998607582166173,1.2305043938065552,5.470920619310846,14.504197809747048,-12.387124294267597,-28.729866175943265,-12.366048018546163,10.593103727426467,26.218114645131728
41,62,21.44947246276782,0.44801968496028577,0.1565219375948229,0.006415496720084568,0.18286486962152704,0.5679540367516631,0.9201679972933111,0.4840472335197932,0.5288190710338705,0.3699816736568047,0.7638350405673424,-3.406581926442712,-22.510178297785686,-32.347554006952535,-20.783767904483604,4.453435752556992,27.536129870614438,-1.0454805040468358,1.8886866392757398,-8.52088103522765,17.29069321862135
41,63,21.271389825017934,0.4364812770484048,0.21869562395006426,0.8373802381924538,0.8459518252850659,0.8358059570601919,0.4133491175352597,0.787644932117954,0.7968980672881734,0.9897816162554344,0.5702417938237346,-4.162763027355744,-18.43556358880859,22.110551290180652,22.672298821882073,22.00737920189674,-5.67875223320922,18.85109827128224,19.45751173779773,32.09832800291615,4.603366200032276
41,64,21.273301016342636,0.32131269864164325,0.15140685408116705,0.7518900916354019,0.0703069587789188,0.5441146789689549,0.0321075065605928,0.742084058452755,0.19763910245526128,0.08393267168759178,0.8637876094528988,-11.710450981821268,-22.845400410936637,16.5078690454177,-28.16036314946478,2.8910996009094276,-30.66380245004499,15.865220854759755,-19.815523781491997,-27.267388428281986,23.841184773105176
41,65,2.2863304041562817,0.48576267377494275,0.5010701248298467,0.4998784741211801,0.4994114123957763,0.5018408674611228,0.4877062489508074,0.515188538106666,0.500886628612052,0.4994987382507776,0.5016209050588952,-0.9330574114853505,0.07013170084883313,-0.007964319994343327,-0.038573677230402836,0.12064308993214468,-0.8056832687598856,0.9953960333584604,0.05810609271944145,-0.03285068999704066,0.10622763393975987
41,66,2.76732466282002,0.4847195475074293,0.50150587172402,0.49060927064221516,0.4990781803799455,0.5018712169326663,0.4867682241500905,0.5150685234995189,0.5007693681831671,0.49963755619401967,0.5006365495862992,-1.0014197345531137,0.09868880930537216,-0.615430839191788,-0.06041237061989335,0.12263207289922207,-0.8671576620996682,0.9875307560644728,0.05042131325203769,-0.023753117268725532,0.0417169136877078
41,67,20.525382830109866,0.06979790462634827,0.4817774737483904,0.784413850757664,0.44164833512052415,0.7292662399932225,0.22592823502491544,0.31716119163503476,0.5082124374616204,0.6938122052187543,0.7237660594789901,-28.193724522407642,-1.1942314804254863,18.63934612325427,-3.8241347095413296,15.025192304195826,-17.96156718940714,-11.982524145006362,0.538210301484753,12.701676681216284,14.664732474015096
41,68,21.168338413979097,0.5686123257514144,0.36968421712274235,0.37896243656859374,0.8868887293834369,0.3144485891883565,0.35495583189646907,0.5631498703790401,0.11076417047355647,0.9421464862633514,0.14952518736572573,4.496577380444691,-8.540375146643957,-7.932317757040639,25.355139768872917,-12.160297258951868,-9.505614600833002,4.138589905160771,-25.508959323845005,28.976512123755,-22.968717320799797
41,69,21.49928975284888,0.36899792773782625,0.6464661076865494,0.4349583078898158,0.4768640308325993,0.056149083065489935,0.28953728968858417,0.9015862648022407,0.7362856329067373,0.002076675686404128,0.2688473166137936,-8.585351807773819,9.598802833345701,-4.262572334133029,-1.5162388753547695,-29.08821369222005,-13.792884182968947,26.318357450079645,15.48521523817594,-32.63190298221582,-15.148822258398425
41,70,2.2427702639712987,0.4851620477397242,0.5005146496394506,0.5002515793466433,0.49927044864202724,0.5012346369338138,0.487720020268898,0.5152785531012509,0.5006257527003685,0.4991638824368304,0.5015073059271692,-0.9724200393294353,0.03372807877103412,0.016487504061615255,-0.04781187779610008,0.0809131660944189,-0.8047807516574998,1.0012952560435835,0.04100932897134868,-0.054795800619885426,0.09878280124296168
41,71,2.279094574217116,0.4851790824387705,0.5005146496394506,0.5002515793466433,0.49927044864202724,0.5018408674611228,0.487720020268898,0.5152785531012509,0.5006257527003685,0.49920541406987834,0.5015073059271692,-0.9713036532927362,0.03372807877103412,0.016487504061615255,-0.04781187779610008,0.12064308993214468,-0.8047807516574998,1.0012952560435835,0.04100932897134868,-0.05207398351645054,0.09878280124296168
41,72,2.308917144141969,0.48522012350022853,0.500706606518268,0.5002410960078517,0.49923469337716164,0.5012432862855964,0.4889027307286168,0.5152785531012509,0.5006257527003685,0.49950959681470575,0.5015073059271692,-0.9686139862890215,0.04630816478121602,0.01580046797057122,-0.05015513483433409,0.08148001001284655,-0.7272706389693724,1.0012952560435835,0.04100932897134868,-0.032139063151447544,0.09878280124296168
41,73,2.322890331865658,0.4851643470658492,0.5000116176120573,0.5002263735398326,0.49924153495032353,0.5012570528667952,0.4892902041367475,0.5152785531012509,0.5006257527003685,0.4995120865321399,0.5015073059271692,-0.9722693506925069,0.0007613718237848843,0.014835616306470456,-0.049706765495599825,0.08238221667829038,-0.7018771816941154,1.0012952560435835,0.04100932897134868,-0.03197589702968173,0.09878280124296168
41,74,2.4130992700809526,0.4855386062410773,0.5012235994421338,0.5002354477060801,0.4993625274285135,0.503005647713966,0.4876973944670259,0.5151601951995252,0.5014606269435545,0.4999824064313445,0.5015365062878376,-0.9477419013847559,0.08018981303968076,0.01543030086566688,-0.041777402444935774,0.19697812858247943,-0.8062635562089895,0.9935385525960783,0.09572364737279315,-0.001153012115409524,0.10069647607972598
41,75,2.3564338320885843,0.4856680045631943,0.5009076063138221,0.5002430261373036,0.49944045102024726,0.502679016456883,0.48769610666335117,0.5151690136232709,0.5011194179774859,0.4999223502158626,0.5016679195026156,-0.9392616529464988,0.05948088738264801,0.01592696093432977,-0.036670601937075276,0.1755720225182813,-0.8063479537106168,0.994116476814682,0.07336217657251609,-0.005088856253230745,0.10930877252341276
41,76,2.286830062596487,0.48489169546672495,0.500738781917961,0.5002275966924832,0.49927092072517343,0.5018408674611228,0.487720020268898,0.5152785531012509,0.5006257527003685,0.49946760286069253,0.5015054368427515,-0.9901378458927148,0.048416811775489066,0.014915776838577699,-0.04778093935503591,0.12064308993214468,-0.8047807516574998,1.0012952560435835,0.04100932897134868,-0.03489117892165439,0.09866030892656141
41,77,2.248275283181464,0.4852224228263536,0.5007724012310357,0.5002398728552012,0.49927072959199426,0.5012657022185778,0.487720020268898,0.5152785531012509,0.5006257527003685,0.49920981490384647,0.5015072291284539,-0.968463297652093,0.050620087077156484,0.015720307438463976,-0.04779346545906549,0.08294906059671803,-0.8047807516574998,1.0012952560435835,0.04100932897134868,-0.05178557046151866,0.09877776816235695
41,78,16.796650943463302,0.641787578551698,0.500486806606553,0.49670431440731244,0.4996762666187087,0.3769237616761122,0.5176958142702766,0.7567616621416873,0.42611650434683157,0.6568741276384845,0.5262301400137853,9.292190747964078,0.03190335776705666,-0.21598605100237478,-0.021216190876309327,-8.065924354794312,1.159712884016841,16.827132290117618,-4.842028771126046,10.280902828915721,1.7190184559434343
41,79,20.270091086597805,0.5852225563597648,0.23921972036148698,0.40273449130366856,0.20774936168354574,0.4691652825837266,0.9239286128895932,0.6402694220147579,0.2726801261281665,0.5349449084349021,0.5079158477972658,5.585145453593547,-17.09049640638959,-6.374392377922778,-19.152937832707146,-2.0207840405928934,27.78258557433238,9.192696841159176,-14.897635254064479,2.2901495191897396,0.5187730012416125
41,80,20.669988838017005,0.6951240822570791,0.366734833429877,0.8632088663418406,0.2346408840687989,0.22572956692924395,0.6300355981404187,0.7420987669242464,0.28043345273842757,0.535261028007408,0.5370391654880811,12.78765185479994,-8.733665956339582,23.803256264578863,-17.390575021667196,-17.97458710172507,8.522012959730475,15.866184789147411,-14.389513241334413,2.3108667314934905,2.427398749426878
41,81,13.910731050740507,0.6834629718856893,0.4188110745000189,0.4946408362532212,0.49924731554509066,0.5030743352069312,0.55343925768228,0.5151488950329514,0.42805820902300007,0.5713961334098766,0.5014264560234333,12.02342932550053,-5.320797421566759,-0.3512181553088993,-0.049327928436937896,0.2014796321214476,3.5021951914659013,0.9927979848795019,-4.714777213468668,4.679016999149674,0.09348422195172645
41,82,2.3776062625069554,0.4851620477397242,0.5000089005254628,0.5002515793466433,0.49920577968545793,0.5012346369338138,0.49047291459646636,0.5152785531012509,0.5006257527003685,0.49950814801913707,0.5015073059271692,-0.9724200393294353,0.000583304836730747,0.016487504061615255,-0.052050022533826734,0.0809131660944189,-0.6243670690059773,1.0012952560435835,0.04100932897134868,-0.03223401141783455,0.09878280124296168
41,83,2.362200179153096,0.4854656871230343,0.5011730818346155,0.49962983921026777,0.4994650343704279,0.5025382097316485,0.4877310950417748,0.5151872807985098,0.5008722682201581,0.4995462175555081,0.5017728658104171,-0.9525207287048261,0.07687909111336211,-0.024258857515889076,-0.03505950749963915,0.16634411297332008,-0.8040549553422451,0.99531363441114,0.057164970076279076,-0.029739086282219773,0.11618653375149535
41,84,2.36115619842348,0.48559947053575125,0.5009875463497079,0.499288762395136,0.49943616547550584,0.5025747636502991,0.487720020268898,0.5152771255180674,0.5005061508517671,0.4993202175009972,0.5017575389104564,-0.9437530989690046,0.06471983757445798,-0.0466116676723658,-0.036951459397251085,0.1687397105860029,-0.8047807516574998,1.0012016979520624,0.0331711022214094,-0.04455022585464974,0.11518207003567227
41,85,2.388517775322065,0.48575184990384535,0.5011907061024485,0.5002268944967405,0.49924731554509066,0.5030743352069312,0.4876302865645314,0.5151197275903174,0.501048466666495,0.499776486183097,0.5014264560234333,-0.9337667647015913,0.07803411513006608,0.0148697577383885,-0.049327928436937896,0.2014796321214476,-0.8106615397068708,0.9908864673590401,0.06871231145542112,-0.014648201504556368,0.09348422195172645
41,86,2.3094617325667106,0.48576103164351214,0.5011968584413314,0.5002515793466433,0.4995956265131259,0.5023065116680115,0.48772363119030027,0.5151781783545802,0.5007980320050955,0.49975154890920803,0.5014588716479202,-0.9331650302107874,0.07843731481109728,0.016487504061615255,-0.026501020835780764,0.15115954867480497,-0.8045441063124805,0.9947170966457719,0.05229982548593881,-0.016282490686144513,0.09560861231810236
41,87,21.768164293485455,0.9079239903560042,0.6756340367923999,0.40532201629876485,0.006685366203430965,0.7441435262481186,0.7504697418754158,0.2169613850156189,0.4477708084316251,0.8435676036002496,0.06508023218626424,26.733706631971096,11.51035223522672,-6.204816339844147,-32.32986784049195,16.0001901361967,16.41478500354725,-18.5492186716164,-3.422892298625019,22.516046469545962,-28.502901903440986
41,88,2.3545523897568796,0.4854738505419548,0.5012362503331248,0.5002047670284131,0.4995960731050375,0.5028881348504519,0.4875101507492484,0.5151872807985098,0.5004457411187144,0.49992108273243163,0.5015941640975344,-0.951985730882452,0.08101890183166915,0.01341961197407926,-0.02647175298826454,0.1892768055592171,-0.8185347604972542,0.99531363441114,0.02921208995606861,-0.005171922047360056,0.10447513829601718
41,89,2.467448300446588,0.48560774184633315,0.501162393124354,0.5002337852133485,0.4994026217419722,0.5023118751241376,0.48764983959128094,0.5151872807985098,0.5027736070590052,0.4995808670629366,0.5018394012354173,-0.9432110303587109,0.07617859579766417,0.01532134774200955,-0.03914978151811255,0.15151104813547533,-0.8093801125458135,0.99531363441114,0.1817711122189678,-0.027468296163391415,0.1205469993643078
41,90,2.337036820920791,0.48489169546672495,0.5000414348396149,0.5002515793466433,0.49927044864202724,0.5018408674611228,0.4886096063618002,0.5152785531012509,0.5006257527003685,0.4991638824368304,0.5015073059271692,-0.9901378458927148,0.002715473649004707,0.016487504061615255,-0.04781187779610008,0.12064308993214468,-0.7464808374730652,1.0012952560435835,0.04100932897134868,-0.054795800619885426,0.09878280124296168
41,91,2.3439970138110806,0.4851620477397242,0.5004821153252984,0.5002515793466433,0.49920577968545793,0.5012346369338138,0.4895833285035641,0.5152785531012509,0.5006257527003685,0.49950814801913707,0.5015073059271692,-0.9724200393294353,0.031595909958753055,0.016487504061615255,-0.052050022533826734,0.0809131660944189,-0.6826669831904226,1.0012952560435835,0.04100932897134868,-0.03223401141783455,0.09878280124296168
41,92,21.248102434785597,0.01753001511666319,0.1038994306188572,0.8439285461547481,0.32619081867260946,0.4360169219772304,0.25172733597312913,0.4423456622634151,0.5920715493513188,0.3991551249585372,0.8158335489800905,-31.61915292931436,-25.958846914962574,22.539701200797573,-11.390758507471865,-4.193195001300229,-16.27079730966501,-3.77843467790483,6.034001058288027,-6.608969730717305,20.69846746595921
41,93,2.332787776185953,0.4851995694984866,0.5011351979682968,0.5002515793466433,0.5001784466324207,0.5024799274999043,0.4880894900297077,0.5148220230478966,0.500565298182086,0.4996701981258703,0.5015157456275019,-0.9699610133471843,0.07439633405029866,0.016487504061615255,0.011694678502323086,0.1625245286337318,-0.7805671814130761,0.971376102466948,0.037047381661182044,-0.021613895622962787,0.09933590544396509
41,94,2.3024029341621888,0.4851071406600995,0.5007221788046776,0.4998238900421622,0.4993675687236316,0.502191157103186,0.4876079328629499,0.5152526785079854,0.5009889814156283,0.49983514272038565,0.5015007426539126,-0.9760184296997174,0.04732871014335416,-0.011541542196859211,-0.04144701612808177,0.14359967191439438,-0.812126511893716,0.9995995386993286,0.06481388605461547,-0.010804086676806435,0.09835267056681829
41,95,2.339022615130308,0.48525970370457855,0.5011531449211691,0.4988914827911195,0.4991101283994514,0.5022005534560419,0.48767697790676834,0.5151872807985098,0.5004457411187144,0.49994512588242557,0.5015941640975344,-0.966020058016742,0.07557250555374395,-0.07264778380119452,-0.05831862521355191,0.144215471295162,-0.8076015759020301,0.99531363441114,0.02921208995606861,-0.003596230169357284,0.10447513829601718
41,96,2.3171183852111814,0.48575607523788883,0.5008464935774921,0.4983472087429598,0.49941675427262444,0.5021514315114223,0.4875970662729084,0.5150328577980714,0.5007006367756427,0.49994592397128457,0.5013450481423762,-0.9334898532097178,0.05547580309452371,-0.10831732782138914,-0.038223591989286376,0.14099621553256725,-0.8128386647386776,0.9851933686544072,0.04591693172852018,-0.0035439266178940443,0.0881490750587659
41,97,2.822439279832953,0.48505521285535064,0.5008601503091634,0.49448998992223137,0.49946668758061474,0.503033146948773,0.487934860131874,0.5151960630848594,0.5006790961362709,0.499577232376565,0.5022002311224326,-0.9794215703117395,0.05637081066133476,-0.3611040204566436,-0.03495116271682974,0.19878031843478539,-0.7907010063975051,0.9958891903293505,0.04450524438664871,-0.027706498969436666,0.14419434683974686
41,98,21.29207090801327,0.9769850437182745,0.49113536687558523,0.6100096631222155,0.7278513492084284,0.8846280501832593,0.24616928826424467,0.49441797584396696,0.5399351899145337,0.8090331578473371,0.9290549003245118,31.25969182512084,-0.580952596441648,7.2095932823775115,14.932466021723563,25.20698389681008,-16.63504952431446,-0.36582353508978116,2.6171926062388806,20.252797032683084,28.118541947667204
41,99,21.781106721024152,0.15669823505510838,0.2741026717627004,0.0076537850632680815,0.723947770294677,0.3091950356081097,0.24234317250694692,0.41776631608355286,0.015012050771465169,0.15778115584172658,0.00658945330900651,-22.498624467428417,-14.804407303359664,-32.26640154209366,14.676641074031956,-12.504594146386925,-16.885797846584726,-5.389266709148281,-31.78417024064126,-22.427654170756607,-32.33615358794095
41,100,20.404209506341033,0.6556780189248711,0.30163800825385034,0.7307319540073117,0.7045341462005669,0.8824485437088974,0.8470938030093548,0.6397898138446971,0.6003149340860737,0.5534196094919102,0.6089526417573446,10.202514648260355,-12.999851491075663,15.12124933782318,13.40434980540035,25.064147760506295,22.747139474021076,9.16126524012607,6.574239520264925,3.5009075276618233,7.140320330209342
41,101,2.767077169225875,0.4850361918955424,0.5005011264840009,0.489668515468804,0.4994258233103286,0.5018091111863394,0.4882346221009488,0.5152879211739442,0.5012576914345117,0.4992744517623657,0.5008110444479228,-0.9806681279337326,0.03284182525548118,-0.6770841702364621,-0.037629243534304635,0.11856191070793898,-0.7710558059922192,1.0019092020556073,0.08242406585215889,-0.047549529301605276,0.05315260893906526
41,102,2.3299216540338965,0.4852585272165192,0.5011436191866269,0.5002515793466433,0.5003180190662421,0.5022744839126401,0.48816054628053723,0.5152342257044155,0.5005747523391332,0.4999170597794023,0.501466821541117,-0.9660971603381974,0.07494822701477943,0.016487504061615255,0.020841697525241898,0.14906057769877634,-0.7759104389587108,0.998390215764573,0.037666969297433184,-0.005435570297088077,0.09612961651864538
41,103,2.2811607003486043,0.48517834673369914,0.5011458347493618,0.5001869728951183,0.4994587408608956,0.5016694122290569,0.487720020268898,0.5151872807985098,0.5004942585378731,0.49994512588242557,0.5017835774385222,-0.9713518684602924,0.07509342613417402,0.012253455654473555,-0.03547195894034871,0.10940659984347434,-0.8047807516574998,0.99531363441114,0.03239172753805519,-0.003596230169357284,0.11688853101099284
41,104,2.3274449371112316,0.48548441548347004,0.5006957431922254,0.49953033450694445,0.4991181222316977,0.5012346369338138,0.4890787115392079,0.5152785531012509,0.5009411915619564,0.49966383364148104,0.5015073059271692,-0.9512933468753069,0.04559622584568501,-0.03077999775288731,-0.0577947414234572,0.0809131660944189,-0.715737560566474,1.0012952560435835,0.06168193020437229,-0.022030998471898044,0.09878280124296168
41,105,2.4316926715588427,0.4852224897063228,0.5000339612656951,0.497247040734338,0.49916750230734575,0.5012346369338138,0.48882313536467337,0.5152785531012509,0.5006257527003685,0.4998857599949535,0.5015073059271692,-0.9684589146064297,0.0022256855085913685,-0.18041793843442377,-0.054558568785786576,0.0809131660944189,-0.7324870007407682,1.0012952560435835,0.04100932897134868,-0.007486832970727164,0.09878280124296168
41,106,21.150058240419114,0.7899453294350917,0.07441074048606833,0.4621616583924206,0.8023600087129944,0.8200273818232435,0.2331505510245221,0.08951678362210247,0.3590757874568602,0.32678896832967486,0.07570209687678542,19.001857109858165,-27.891417711505028,-2.4797735555943206,19.8154655310148,20.97331449516809,-17.48824548805692,-26.901428068541893,-9.235609193227209,-11.35155817154643,-27.80678737908299
41,107,21.375759559810444,0.9606188012723035,0.038140663380461404,0.03445113740976613,0.80586491540626,0.943158336691949,0.31450399677972274,0.15966153416439754,0.8828340776771167,0.27648300035661544,0.504289888348311,30.18711376018168,-30.268413484698083,-30.510210258713567,20.045163096064655,29.042824753443576,-12.156666067044092,-22.30442169700204,25.089414114647525,-14.64841008862885,0.28114212279491113
41,108,19.315290925321435,0.2347026942857914,0.5378431385446336,0.5887350746586333,0.3268496741589114,0.5538001376319315,0.5091778527256142,0.22168201971812537,0.519655841954985,0.4642975800962848,0.3124603306079421,-17.386524227286372,2.48008792766111,5.81534185282819,-11.347579754321583,3.5258458198462606,0.6014797562258565,-18.239847155752933,1.2881652583619,-2.3397937908098783,-12.290599773277908
41,109,20.87488149124378,0.7388913877490735,0.2748600960759552,0.20781398704883447,0.7777036765022141,0.5188105372610787,0.7889107871763937,0.33727819191272923,0.7366545983861212,0.5137820234488315,0.907450121302363,15.65598598752328,-14.754768743566203,-19.148702544767584,18.199588143249102,1.232767369942053,18.934057348392137,-10.664136414807377,15.509395759832842,0.9032186887426192,26.702651149671667
41,110,2.345708950656658,0.48501179929706545,0.5007221788046776,0.49879737520670553,0.4990885496914896,0.502191157103186,0.48756489050082025,0.5153291641994125,0.5009889814156283,0.4998411687036075,0.5015007426539126,-0.9822667212675178,0.04732871014335416,-0.07881521845334305,-0.059732807418541256,0.14359967191439438,-0.8149473361382427,1.0046121049727006,0.06481388605461547,-0.010409167840379041,0.09835267056681829
41,111,21.19598861590261,0.33687092071193714,0.46404703235887823,0.7745676707864747,0.5927545090563033,0.11408367119330676,0.10784359483030781,0.0997338458098429,0.6639035338593048,0.8963979194465941,0.9391762042870345,-10.690827340222487,-2.3562136873285553,17.99406687266241,6.078759505513894,-25.29141252467545,-25.700362169200947,-26.231842681006135,10.7415819950034,25.97833404885199,28.781851724155096
41,112,21.480785160203077,0.8423112632051534,0.7368447121921595,0.7734884849787188,0.5981000345897431,0.8728976295315026,0.06371457658134416,0.573163987546449,0.7276361898133177,0.7912080679195317,0.8263057376493864,22.433710945412933,15.52185505822537,17.923341351565313,6.429083866873405,24.438219048976556,-28.59240150916503,4.794875087844083,14.918365335605586,19.08461193917443,21.384772822590186
41,113,21.35282542379265,0.3002064153094416,0.8054928281373566,0.24341466019833036,0.3063653959922481,0.10924190945367984,0.3219454920320556,0.40098933484180976,0.9702048009505401,0.7797319853401711,0.2314502443865395,-13.093672366280437,20.020777984809797,-16.81557682924222,-12.690037408252028,-25.60872222204364,-11.668980234187206,-6.488762951807157,30.815341835094593,18.33251539125345,-17.599676783883748
41,114,2.281611540574556,0.48532715493777356,0.5011531449211691,0.5001869728951183,0.4993891474315934,0.5016694122290569,0.487720020268898,0.5152538210897126,0.5004457411187144,0.49994512588242557,0.5017835774385222,-0.9615995739980718,0.07557250555374395,0.012253455654473555,-0.040032833923092426,0.10940659984347434,-0.8047807516574998,0.9996744189354061,0.02921208995606861,-0.003596230169357284,0.11688853101099284
41,115,21.42562532954096,0.3788255557149697,0.03419218926385559,0.06026256395068519,0.8857989936582216,0.5672088857955012,0.03794337095136657,0.23660133318273213,0.8154026696882942,0.19463333063934163,0.4060867257396762,-7.941288380663746,-30.527180684403962,-28.818632608927896,25.28372284838521,4.404601539493967,-30.281343241331243,-17.262095028536468,20.670229360692048,-20.012510043220107,-6.154700341924581
41,116,2.2326451038667163,0.4854054391852371,0.500730755607365,0.5002515793466433,0.49928586891203375,0.5014478006610761,0.4876890509016458,0.5152679915861926,0.5006257527003685,0.49948864426277295,0.5013346400356631,-0.9564691375563008,0.04789079948427144,0.016487504061615255,-0.046801294980959085,0.09488306412428216,-0.8068103601097398,1.0006030965927195,0.04100932897134868,-0.0335122095949103,0.08746696937721765
41,117,2.2829106112922344,0.4852146379554889,0.5006423800766832,0.5002515793466433,0.4993843996960387,0.5015473344748058,0.48770772124635403,0.5152080153824945,0.5014194256945709,0.4992320620870001,0.5014325499697998,-0.9689734869490785,0.04209902070550697,0.016487504061615255,-0.04034398152040808,0.10140611214087158,-0.8055867803989436,0.9966724961071591,0.09302348231939561,-0.050327579066362205,0.09388359482080233
41,118,2.242589171989185,0.48513299566832835,0.5004924787074585,0.5002515793466433,0.49927044864202724,0.5012346369338138,0.487720020268898,0.5152785531012509,0.5006257527003685,0.4991638824368304,0.5014990395695677,-0.9743239958804324,0.03227508457199946,0.016487504061615255,-0.04781187779610008,0.0809131660944189,-0.8047807516574998,1.0012952560435835,0.04100932897134868,-0.054795800619885426,0.09824105723118493
41,119,2.468957685614353,0.48513007445886325,0.5005089775385452,0.49670431440731244,0.4996762666187087,0.5018697646413286,0.48763182756867773,0.5154033011990994,0.5009789723776896,0.5000686014131022,0.501484517784951,-0.9745154402639393,0.03335635196609843,-0.21598605100237478,-0.021216190876309327,0.12253689553411107,-0.8105605484591365,1.009470747384178,0.06415793374426926,0.0044958622090618405,0.09728935755454415
